T since,Latitude,Longtitude,Altitude,,,SGP4 Test
0,47.4057839455,150.147598682,406.133547654,,,1 25544U 98067A   16287.38091704  .00009256  00000-0  14656-3 0  9993
1,45.7111962016,154.982477368,405.976457136,,,2 25544  51.6442 188.5032 0006981  67.5738  42.8976 15.54181201 23370
2,43.8039033887,159.501319901,405.791020373,,,Singapore UTC+8:,,13/10/16 17:8:31
3,41.7099366525,163.712505751,405.586409638
4,39.4534692558,167.633008727,405.372675023
5,37.0564092287,171.285025023,405.160532354
6,34.538285709,174.69337297,404.96113585
7,31.9163264182,177.883656482,404.78583967
8,29.2056446081,180.881069704,404.645952819
9,26.4194776797,183.709694471,404.552492075
10,23.5694403052,186.392146753,404.51593776
11,20.66577036,188.949458694,404.545997192
12,17.7175565677,191.401111144,404.651380626
13,14.7329435051,193.765157211,404.839594306
14,11.7193136495,196.058397318,405.116754981
15,8.68344839317,198.296580697,405.487429844
16,5.63167109104,200.494618328,405.954505385
17,2.56997570942,202.666798944,406.519088059
18,-0.495855201611,204.827005251,407.180438992
19,-3.56013948734,206.988926737,407.935944271
20,-6.61718764559,209.166272822,408.781121553
21,-9.66119472938,211.372984883,409.709662991
22,-12.6861282714,213.623449099,410.713513654
23,-15.6856085873,215.93271,411.782983901
24,-18.6527777995,218.316682946,412.906893445
25,-21.5801539805,220.792360675,414.072744205
26,-24.4594670725,223.378004165,415.266918512
27,-27.281473898,226.09330064,416.474898726
28,-30.0357509692,228.959460659,417.681504025
29,-32.7104664262,231.999210656,418.871139826
30,-35.2921370055,235.236617777,420.028055175
31,-37.765383404,238.696654538,421.136603404
32,-40.1127088361,242.404388597,422.181501395
33,-42.3143418276,246.383654432,423.148082932
34,-44.3482051395,250.655066343,424.022541846
35,-46.1900954049,255.233279527,424.792160922
36,-47.8141751285,260.123540681,425.445522876
37,-49.1938762702,265.317821544,425.97270007
38,-50.303273645,-89.208811582,426.365420045
39,-51.1188907314,-83.5005721012,426.617204357
40,-51.621753995,-77.6208921614,426.723478649
41,-51.7993561922,-71.6490541272,426.681652334
42,-51.6471026106,-65.6735195841,426.491166698
43,-51.1688725348,-59.7831250387,426.15351072
44,-50.376542059,-54.0581880435,425.672204315
45,-49.2885996122,-48.5636024871,425.052749207
46,-47.9282095966,-43.3451866558,424.302548055
47,-46.3211515172,-38.4293773514,423.430792953
48,-44.493985017,-33.8254495592,422.448324847
49,-42.4726380227,-29.5290870186,421.367465894
50,-40.2814658394,-25.5262591769,420.201827214
51,-37.9427286806,-21.7967198585,418.966094935
52,-35.4763901094,-18.3168073863,417.675797843
53,-32.9001340184,-15.0614913484,416.347060328
54,-30.2295138435,-12.0057485454,414.996344682
55,-27.4781702779,-9.12541055837,413.640187072
56,-24.6580749008,-6.3976238072,412.294931781
57,-21.7797737789,-3.80104253034,410.976468429
58,-18.8526169014,-1.31584689743,409.699976975
59,-15.8849670571,1.07634765922,408.479685281
60,-12.8843865294,3.39264495593,407.32864385
61,-9.85780274447,5.64905728324,406.258522141
62,-6.81165547531,7.86071126927,405.279430494
63,-3.75202891538,10.0420611438,404.399771228
64,-0.684772216568,12.2071016966,403.626121926
65,2.38438784298,14.3695823219,402.963153267
66,5.44973840618,16.5432195639,402.413583051
67,8.50547266373,18.741910054,401.978167277
68,11.5455789175,20.9799447123,401.65572836
69,14.5637228986,23.2722246531,401.443219752
70,17.5531196093,25.6344777522,401.335825452
71,20.5063909566,28.0834721758,401.32709215
72,23.4154055932,30.6372188762,401.409091073
73,26.2710978682,33.315148408,401.572605992
74,29.0632638948,36.1382373411,401.807343371
75,31.7803349355,39.1290464417,402.102160217
76,34.4091322453,42.3116096124,402.44530492
77,36.9346141321,45.7110931371,402.82466621
78,39.3396364019,49.3531095841,403.228025278
79,41.6047626194,53.2625469668,403.643306184
80,43.7081810376,57.4617610725,404.058819775
81,45.6258088599,61.9680083591,404.463496624
82,47.33168569,66.7901037087,404.847104741
83,48.7987641841,71.9245099852,405.200448222
84,50.0001780048,77.3514142288,405.515543389
85,50.9109855207,83.0317478724,405.785769442
86,51.5102473964,88.9063742554,406.005991115
87,51.7831279711,94.8985116377,406.172651356
88,51.722588181,100.919713526,406.283832539
89,51.3302497695,106.878527834,406.339285271
90,50.6161941108,112.68988669,406.340424374
91,49.5977518674,118.282963799,406.290292167
92,48.2976059371,123.605884616,406.193489687
93,46.7416522686,128.626873723,406.056077042
94,44.9570172466,133.332503022,405.885444574
95,42.9704805805,137.724232036,405.690157047
96,40.8073881351,141.814398496,405.479773544
97,38.4910190953,145.622473185,405.264646217
98,36.0423117297,149.17199136,405.055701471
99,33.4798391078,152.488274264,404.864207545
100,30.8199397327,155.596871687,404.701532775
101,28.0769312778,158.522586377,404.578899094
102,25.2633586187,161.288929291,404.507135513
103,22.3902459423,163.917874386,404.496436424
104,19.4673361031,166.429810762,404.556129557
105,16.5033092774,168.843618264,404.694458352
106,13.505978482,171.176815898,404.918383243
107,10.4824627226,173.445749878,405.233406094
108,7.43934026911,175.665801835,405.643421549
109,4.38278538356,177.851602763,406.150598549
110,1.31869216078,180.017249899,406.755294669
111,-1.74721078166,182.176521424,407.456005214
112,-4.8092510599,184.343089633,408.2493483
113,-7.86170507213,186.530733164,409.130086347
114,-10.8986887143,188.753549378,410.091183656
115,-13.9140426339,191.02616757,411.123898936
116,-16.9012083688,193.363962434,412.217910955
117,-19.8530917223,195.783264945,413.361474766
118,-22.7619098446,198.301564028,414.541605383
119,-25.6190188824,200.937686446,415.744285252
120,-28.414719968,203.711934755,416.954691448
121,-31.1380431418,206.646147062,418.157438202
122,-33.7765121209,209.763630707,419.336830184
123,-36.3158984537,213.088893172,420.477121823
124,-38.7399825537,216.647069799,421.56277798
125,-41.0303524369,220.462919483,422.578731366
126,-43.1662892422,224.559243357,423.510632262
127,-45.1248107605,228.954596787,424.345086343
128,-46.8809658346,233.660243929,425.069876719
129,-48.4084836538,238.676484121,425.674166634
130,-49.6808662108,243.988780276,426.148679662
131,-50.6729501619,249.564502097,426.48585464
132,-51.3628456435,255.351407236,426.679973005
133,-51.7340018677,261.278985631,426.727256647
134,-51.7770112734,267.263241735,426.625934841
135,-51.4907298154,-86.7855582405,426.37627924
136,-50.8824169601,-80.9537750934,425.98060643
137,-49.9668567294,-75.316094289,425.443247918
138,-48.7646970379,-69.9298624391,424.77048796
139,-47.3004124879,-64.8328531592,423.97047005
140,-45.6003013596,-60.0441247825,423.053073343
141,-43.690808842,-55.5669346453,422.029760781
142,-41.5973087072,-51.3925420916,420.913401105
143,-39.3433432832,-47.503992271,419.718067388
144,-36.9502447523,-43.8793499679,418.458815175
145,-34.4370345574,-40.4941886264,417.151443679
146,-31.8205035488,-37.3233478777,415.812243899
147,-29.1153955816,-34.3420762632,414.457737819
148,-26.3346398965,-31.5267042831,413.104413128
149,-23.4895970978,-28.8549824541,411.768458122
150,-20.5902981597,-26.3061933341,410.465501541
151,-17.6456659133,-23.8611185643,409.210362142
152,-14.6637148703,-21.5019178889,408.016812738
153,-11.6517290829,-19.211957011,406.897363245
154,-8.61641989277,-16.9756108563,405.863066996
155,-5.5640665355,-14.7780532925,404.923354172
156,-2.5006430626,-12.6050437363,404.085895714
157,0.568064776867,-10.4427133274,403.356500459
158,3.63634902995,-8.27735189135,402.739047583
159,6.69847176304,-6.09519526934,402.235455677
160,9.74855638029,-3.88221197553,401.845689008
161,12.7804743819,-1.62388829238,401.567800706
162,15.7877238589,0.694988150622,401.398011835
163,18.7632959835,3.09054435127,401.330824504
164,21.699525795,5.58003207469,401.359166503
165,24.5879238439,8.18202278817,401.474564254
166,27.4189859485,10.9165666348,401.667340335
167,30.1819798038,13.8052890131,401.92683138
168,32.8647099924,16.8713760762,402.241621774
169,35.4532678564,20.1393819897,402.59978838
170,37.9317807121,23.6347622691,402.989151344
171,40.2821871725,27.3830081308,403.397526077
172,42.4840827555,31.4082337047,403.812971544
173,44.5147021568,35.7310693615,404.22403021
174,46.3491283595,40.3657704559,404.619955221
175,47.9608357207,45.3166008286,404.990920756
176,49.322668998,50.5738274376,405.328211857
177,50.4083124206,56.1100441698,405.624390475
178,51.1941963446,61.8779255516,405.87343495
179,51.6616310233,67.8106339475,406.070850624
180,51.7987966887,73.8257185755,406.213749804
181,51.6021423427,79.8323660804,406.300899812
182,51.0768283181,85.7406337133,406.332738402
183,50.2360891507,91.4704701853,406.311356322
184,49.0996930573,96.9584208002,406.240447389
185,47.6918915504,102.160863213,406.125226915
186,46.0393031311,107.053846926,405.972319892
187,44.1690759303,111.63049252,405.78962083
188,42.1075085027,115.897182436,405.586127659
189,39.8791570773,119.869585253,405.371752559
190,37.506362207,123.56915654,405.15711307
191,35.0090892776,127.020392508,404.953307198
192,32.404977693,130.248859562,404.771676634
193,29.7095127237,133.279892969,404.623562488
194,26.9362579665,136.13781462,404.520058183
195,24.0971078194,138.845524809,404.471764292
196,21.2025358278,141.424348223,404.488550183
197,18.261826177,143.89404379,404.579327283
198,15.283282976,146.272915665,404.751838624
199,12.274416431,148.577980064,405.012469081
200,9.24210752026,150.825163944,405.366080361
201,6.19275408761,153.02951647,405.815874301
202,3.13240186138,155.205424981,406.363287509
203,0.0668641107946,157.366830816,407.007919697
204,-2.99816633052,159.527443456,407.747497374
205,-6.05700898981,161.700953183,408.577873797
206,-9.10388799124,163.901243248,409.493065301
207,-12.1328209799,166.142602564,410.485323341
208,-15.1375010953,168.439939193,411.54524083
209,-18.1111683354,170.808993108,412.661890639
210,-21.0464666911,173.266545061,413.822993475
211,-23.9352836348,175.830610338,415.015111762
212,-26.7685691179,178.520605186,416.223865718
213,-29.5361324512,181.357457633,417.434167383
214,-32.2264177997,184.363623453,418.630468134
215,-34.8262631658,187.562947141,419.797015033
216,-37.3206545955,190.980282993,420.918111299
217,-39.6924979639,194.640763279,421.97837623
218,-41.9224460319,198.568575972,422.963000028
219,-43.9888385744,202.785107885,423.857989182
220,-45.867836123,207.306345781,424.650398329
221,-47.5338467996,212.139545111,425.328544823
222,-48.9603481972,217.279401804,425.882202636
223,-50.1211738136,222.704312486,426.302772561
224,-50.9922485064,228.373681332,426.58342616
225,-51.5536184419,234.227452532,426.71922128
226,-51.7914619849,240.188839495,426.707187453
227,-51.6996622396,246.170444262,426.54637989
228,-51.2805502314,252.082806361,426.237901295
229,-50.5446166865,257.843447784,425.784891115
230,-49.5092721772,263.384269691,425.192482348
231,-48.1969798195,268.65584172,424.467726467
232,-46.6331872039,-86.3717192975,423.619487462
233,-44.8444303969,-81.7105921276,422.658306502
234,-42.8568370496,-77.3586600071,421.596239116
235,-40.6951009145,-73.3033945184,420.446667305
236,-38.3818892891,-69.5254570662,419.224089368
237,-35.937590528,-66.0016379098,417.943890708
238,-33.3802980419,-62.7070367225,416.622099225
239,-30.7259407151,-59.6165521128,415.275129292
240,-27.9884918194,-56.7058150459,413.919518597
241,-25.1802102567,-53.9517101269,412.571662388
242,-22.311885511,-51.332609987,411.24754983
243,-19.3930703422,-48.8284191324,409.962507256
244,-16.4322936619,-46.4205003203,408.730953099
245,-13.4372512717,-44.0915285062,407.566169167
246,-10.4149752061,-41.8253065382,406.480092708
247,-7.37198408385,-39.6065612582,405.48313336
248,-4.31441769102,-37.4207316085,404.584018657
249,-1.24815936005,-35.2537546987,403.789671207
250,1.82105019443,-33.091852282,403.105120031
251,4.88750392349,-30.9213179741,402.533447831
252,7.94542073772,-28.7283044433,402.075775214
253,10.9888354084,-26.4986095056,401.731282091
254,14.0114824028,-24.2174606802,401.497265662
255,17.0066699308,-21.869297892,401.369233624
256,19.9671404633,-19.4375599459,401.341030472
257,22.8849140917,-16.904478466,401.404994082
258,25.7511115069,-14.2508950298,401.552139152
259,28.5557543346,-11.4561229314,401.772363537
260,31.2875425172,-8.49788957764,402.054673136
261,33.9336119895,-5.35241396298,402.387420649
262,36.4792819399,-1.99469799761,402.758553345
263,38.9078105776,1.60086067339,403.155864919
264,41.2001926359,5.45939831668,403.567246509
265,43.3350513665,9.6039050938,403.9809321
266,45.2887012603,14.052803789,404.38573375
267,47.0354801227,18.8167417153,404.771262348
268,48.5484593138,23.8947553629,405.128129982
269,49.8006209177,29.2702885071,405.44813041
270,50.7665198988,34.9079513135,405.724394542
271,51.4243187765,40.7522167403,405.951518371
272,51.7579148392,46.7291956886,406.125661233
273,51.7587423624,52.7519914782,406.244612852
274,51.4268143956,58.7289886666,406.307828103
275,50.7707222679,64.5732828943,406.316428989
276,49.8065928403,70.2109712592,406.273173856
277,48.5562854026,75.5865101877,406.182394391
278,47.0452637232,80.664492309,406.049901484
279,45.3005608428,85.4283455236,405.88286156
280,43.34911662,89.8770929405,405.689645492
281,41.2166004831,94.0213712944,405.479652688
282,38.9267012838,97.879594517,405.263113417
283,36.5007954301,101.474746001,405.050872891
284,33.9578844331,104.831955963,404.854160983
285,31.3147031972,107.976820978,404.684351815
286,28.5859227913,110.934333101,404.552717743
287,25.7843949314,113.728266466,404.470182436
288,22.9214049361,116.380886286,404.447077886
289,20.0069142356,118.912870078,404.492910206
290,17.0497831401,121.343365677,404.616138973
291,14.0579706229,123.69012904,404.823974695
292,11.0387114293,125.969707011,405.122198683
293,7.99867276964,128.197642417,405.515009187
294,4.94409381865,130.38868827,406.004897167
295,1.88091164534,132.557024024,406.592554441
296,-1.18512269418,134.716470783,407.276816307
297,-4.24833418573,136.880704748,408.054639989
298,-7.30301634547,139.063469545,408.921119484
299,-10.3433225401,141.278788346,409.869536617
300,-13.3631525122,143.541177592,410.891447327
301,-16.3560304623,145.865859544,411.976801454
302,-19.314971032,148.268974666,413.114093636
303,-22.2323296222,150.767785548,414.290542274
304,-25.099633807,153.380862192,415.492292989
305,-27.9073933926,156.128229227,416.704642592
306,-30.6448882904,159.031443941,417.912279204
307,-33.2999363636,162.113557488,419.099533981
308,-35.858648539,165.398889705,420.250639744
309,-38.3051867385,168.91252129,421.349991815
310,-40.6215526481,172.679379101,422.382406432
311,-42.787452703,176.722772026,423.333372255
312,-44.7803063044,181.062238713,424.18929073
313,-46.5754865647,185.710638835,424.937701349
314,-48.1468970076,190.670572692,425.567488188
315,-49.467978289,195.930496885,426.069064494
316,-50.5131867283,201.461276873,426.434532474
317,-51.2598779072,207.214260109,426.657815887
318,-51.6903748639,213.122028173,426.734763458
319,-51.7938526898,219.102549019,426.663221597
320,-51.5676121755,225.066471326,426.443075344
321,-51.0174109384,230.926142864,426.07625691
322,-50.1567607007,236.60422083,425.566721666
323,-49.0053823524,242.039912655,424.920391846
324,-47.5872050895,247.191843448,424.145068733
325,-45.928330753,252.037699787,423.250314513
326,-44.0552827773,256.571602204,422.24730548
327,-41.9937006922,260.800385738,421.148658681
328,-39.7675004045,264.739762603,419.968234586
329,-37.3984331387,268.410964248,418.720918753
330,-34.9059416335,-88.1618876172,417.422385901
331,-32.3072136357,-84.9536656038,416.088850165
332,-29.6173512795,-81.9394814551,414.736805643
333,-26.8495976745,-79.0954337739,413.382761645
334,-24.0155822958,-76.3989994737,412.042977239
335,-21.1255622966,-73.8291796879,410.733199863
336,-18.1886476639,-71.366488652,409.468412792
337,-15.2130051195,-68.9928453983,408.262596205
338,-12.2060399112,-66.6914093638,407.128506437
339,-9.17455704757,-64.4463861492,406.077477745
340,-6.12490479258,-62.242819339,405.119250509
341,-3.06310382465,-60.0663772945,404.261829329
342,0.00503431743936,-57.9031392398,403.511373889
343,3.07379583432,-55.7393820863,402.872124784
344,6.13745666212,-53.5613679357,402.346365797
345,9.19017423066,-51.3551302737,401.934423302
346,12.2258753347,-49.1062603974,401.634702699
347,15.238136425,-46.7996905263,401.443760971
348,18.2200525808,-44.4194776403,401.356413679
349,21.1640914464,-41.9485915357,401.365873976
350,24.0619286199,-39.3687165228,401.463920573
351,26.9042615764,-36.6600833152,401.641091002
352,29.6806005097,-33.8013584523,401.886896043
353,32.3790369989,-30.769634012,402.190050817
354,34.9859958525,-27.5405813103,402.538717787
355,37.4859828574,-24.0888589372,402.920756761
356,39.8613525743,-20.388893891,403.323976965
357,42.0921367666,-16.4161834012,403.736386304
358,44.1559954992,-12.1492641237,404.146433124
359,46.0283768907,-7.57245806188,404.543235997
360,47.6829906589,-2.67937109633,404.916797402
361,49.0927009456,2.52313071423,405.258197526
362,50.2309054232,8.01111237403,405.559764857
363,51.0733723357,13.7409671072,405.815220677
364,51.6003562598,19.6492538216,406.019795086
365,51.7986477325,25.6559303379,406.17031265
366,51.6631128504,31.6710563258,406.265246351
367,51.1973293659,37.6038141297,406.304738968
368,50.4131430473,43.3717418967,406.29059163
369,49.3292678388,48.9079870532,406.226219758
370,47.9692948522,54.1652077908,406.116577171
371,46.3595578758,59.1159826372,405.968049644
372,44.5272262592,63.7505648103,405.788319746
373,42.498835641,68.0732074554,405.586205245
374,40.2993089444,72.0981573705,405.371473897
375,37.9514134649,75.8460381009,405.154637851
376,35.475552028,79.3409580073,404.946731353
377,32.8897810163,82.6084027873,404.75907577
378,30.2099650633,85.6738228226,404.603036315
379,27.4500020082,88.5617660848,404.48977506
380,24.6220739262,91.2954117968,404.430005011
381,21.7368974663,93.8963772312,404.433750107
382,18.8039590138,96.3847031216,404.510115958
383,15.8317282205,98.7789493242,404.667076046
384,12.8278483548,101.096354549,404.911277826
385,9.79930473233,103.35303035,405.247872882
386,6.75257396837,105.564171134,405.680374783
387,3.69375748979,107.744269795,406.210547781
388,0.628702997869,109.907333752,406.838328832
389,-2.43688238301,112.067099261,407.561784734
390,-5.497323577,114.237244968,408.377105427
391,-8.54687000393,116.431603078,409.278633712
392,-11.579585379,118.664372578,410.258930875
393,-14.5892312303,120.950332451,411.308876928
394,-17.5691404781,123.305054926,412.417803454
395,-20.5120774385,125.745115029,413.573656399
396,-23.410080779,128.288288735,414.763185521
397,-26.2542864378,130.9537256,415.97215677
398,-29.0347285889,133.762072297,417.185583421
399,-31.7401188421,136.735509795,418.387971528
400,-34.3576076219,139.897648091,419.56357507
401,-36.8725379529,143.273199476,420.696656083
402,-39.2682117357,146.887319999,421.771745089
403,-41.5257030205,150.76448862,422.773897245
404,-43.6237720962,154.92677629,423.688939828
405,-45.5389567917,159.391387175,424.503706911
406,-47.2459377653,164.16745162,425.206257421
407,-48.7182812968,169.252257521,425.786073099
408,-49.9296385396,174.627432691,426.2342333
409,-50.8554056303,180.25597437,426.54356396
410,-51.4747186525,186.081288162,426.7087585
411,-51.7724975951,192.029287137,426.726468882
412,-51.7411314002,198.013927551,426.595365469
413,-51.3813955076,203.94543528,426.316164801
414,-50.7023550733,209.739427591,425.891624851
415,-49.7202807845,215.324750574,425.326507783
416,-48.4568652617,220.648395456,424.627510681
417,-46.9371605578,225.676972649,423.803165197
418,-45.1876288491,230.395287343,422.863707488
419,-43.2345629381,234.803128139,421.820920316
420,-41.1029748797,238.911402028,420.687949587
421,-38.8159302214,242.738442573,419.479098072
422,-36.394241132,246.306935577,418.209599479
423,-33.8564144349,249.641602094,416.89537643
424,-31.218760984,252.767590502,415.55278625
425,-28.4955942575,255.70945298,414.198358832
426,-25.6994682714,258.490558716,412.848531052
427,-22.8414233566,261.132815255,411.519382417
428,-19.9312218607,263.656595264,410.22637673
429,-16.9775649445,266.080793543,408.984114564
430,-13.9882873852,268.422962245,407.806101226
431,-10.9705306907,-89.3005100475,406.704534715
432,-7.93089670297,-87.0741969282,405.690117839
433,-4.87558480649,-84.8834231636,404.771898244
434,-1.81051626829,-82.7140510417,403.957139585
435,1.25855063707,-80.5522660329,403.251226437
436,4.3259110547,-78.3843649214,402.657604868
437,7.38580588807,-76.1965424138,402.177759823
438,10.4323124131,-73.9746776743,401.8112297
439,13.4592295031,-71.7041190271,401.555657667
440,16.4599537509,-69.3694673736,401.406878511
441,19.4273427439,-66.9543608864,401.359039013
442,22.3535618281,-64.4412671704,401.404749165
443,25.2299110289,-61.8112947661,401.535260908
444,28.0466296339,-59.0440444685,401.740670531
445,30.7926776685,-56.1175336458,402.010140432
446,33.455496702,-53.008243157,402.332135633
447,36.0207579355,-49.6913632917,402.694670199
448,38.4721144026,-46.1413375334,403.085558657
449,40.7909875004,-42.3328379604,403.492667466
450,42.9564366563,-38.2423221232,403.90416175
451,44.9451839239,-33.850311808,404.308742656
452,46.7318885227,-29.1444602789,404.695871026
453,48.289779922,-24.1232979766,405.055973358
454,49.5917451452,-18.8002420096,405.38062649
455,50.6119058384,-13.2070566363,405.662717828
456,51.327600598,-7.39560657805,405.896578457
457,51.7215235809,-1.43671066838,406.078086935
458,51.7836206879,4.58456577197,406.204742113
459,51.5122987779,10.5767681856,406.27570383
460,50.9146255497,16.4514427752,406.291800883
461,50.0054640016,22.131797237,406.255506174
462,48.8057782967,27.5586823284,406.170879515
463,47.3405314226,32.6930176516,406.043479048
464,45.6366069692,37.5149796556,405.880242811
465,43.7210651304,42.0210224717,405.689342445
466,41.6198747345,46.2199539978,405.480011575
467,39.3571227771,50.1290248544,405.262351828
468,36.95462127,53.7705862633,405.047119932
469,34.4318033264,57.169521404,404.845499712
470,31.8058065779,60.3514379601,404.668863154
471,29.0916632337,63.3414967413,404.52852503
472,26.3025399153,66.1637254571,404.435495734
473,23.4499908344,68.8406770413,404.400237172
474,20.544203146,71.3933193791,404.432426551
475,17.5942237223,73.8410726022,404.540732857
476,14.6081632084,76.201935448,404.732610648
477,11.5933771632,78.4926618334,405.014115497
478,8.55662627521,80.728963078,405.389745042
479,5.50421875196,82.9257209548,405.862309091
480,2.44213846039,85.0972045781,406.432831669
481,-0.623837453882,87.2572849034,407.100487219
482,-3.68802774666,89.4196491611,407.862572436
483,-6.744739382,91.5980131507,408.714514468
484,-9.7881593341,93.8063334618,409.649915429
485,-12.81224226,96.0590203705,410.660632381
486,-15.8105903983,98.3711514057,411.736891198
487,-18.7763220363,100.758683712,412.867432036
488,-21.7019249499,103.238660179,414.039683457
489,-24.5790914909,105.82939933,415.239961765
490,-27.398532677,108.550651245,416.453691594
491,-30.1497700762,111.423691919,417.665643476
492,-32.820906961,114.471309313,418.86018385
493,-35.3983848845,117.717619282,420.021532849
494,-37.8667394396,121.187617764,421.134025144
495,-40.208380581,124.906351013,422.182369203
496,-42.4034393491,128.897562392,423.151900443
497,-44.4297438413,133.181674975,424.028823992
498,-46.2630099149,137.773020532,424.800443046
499,-47.8773486803,142.676364498,425.455369136
500,-49.2461891889,147.883033628,425.983710999
501,-50.3436716782,153.367315699,426.377239143
502,-51.1464686655,159.084165202,426.629523611
503,-51.6358431687,164.969389687,426.736042903
504,-51.7995988619,170.943165544,426.694262439
505,-51.6334952979,176.916831305,426.503681415
506,-51.1417666632,182.801739606,426.165847331
507,-50.3366016759,188.51810579,425.684337966
508,-49.2367275822,194.00179277,425.064710979
509,-47.8654600636,199.207815626,424.314421822
510,-46.2486458201,204.110519912,423.442711075
511,-44.4128426828,208.70128098,422.460462777
512,-42.383927607,212.984901491,421.380035805
513,-40.1861749985,216.975740186,420.215070753
514,-37.8417499086,220.694237714,418.980275244
515,-35.3705177022,224.164148651,417.691190997
516,-32.7900682077,227.410526189,416.363946351
517,-30.1158689468,230.458370814,415.014998317
518,-27.3614846656,233.331802002,413.660868491
519,-24.5388213855,236.053611653,412.317877427
520,-21.6583696244,238.645080136,411.00188218
521,-18.7294330516,241.125963919,409.728021828
522,-15.7603364354,243.514589696,408.510475729
523,-12.7586114149,245.828010842,407.362239141
524,-9.73116130995,248.082197466,406.294920576
525,-6.68440761742,250.292243544,405.318564896
526,-3.62442152444,252.472578626,404.441505713
527,-0.557044039539,254.637182461,403.670250059
528,2.51200159241,256.799798157,403.009397675
529,5.57700153785,258.974144873,402.461596511
530,8.63214344944,261.174130781,402.02753529
531,11.6714053248,263.414067328,401.705973176
532,14.6884374648,265.708885207,401.493805775
533,17.6764338,268.074350889,401.386165935
534,20.6279888529,-89.472720101,401.376557056
535,23.5349367669,-86.9142615657,401.457015958
536,26.3881693307,-84.2307806425,401.618301744
537,29.1774310736,-81.4012350119,401.850106616
538,31.8910917528,-78.4029994823,402.141284205
539,34.5159005851,-75.2119838996,402.480090693
540,37.0367333306,-71.8029863478,402.854433839
541,39.4363539235,-68.1503961735,403.25212498
542,41.6952278259,-64.2293881718,403.661129108
543,43.7914449037,-60.0177596875,404.069808291
544,45.7008334807,-55.4985306551,404.467153917
545,47.3973681028,-50.6633156168,404.843003571
546,48.8539787072,-45.516248912,405.18823869
547,50.0438391137,-40.0778907247,405.494959591
548,50.9421285907,-34.388143434,405.756634897
549,51.5281178629,-28.5069485992,405.968222889
550,51.787262841,-22.5117150723,406.126262797
551,51.7128710922,-16.4912020178,406.228934591
552,51.3069250016,-10.5367846751,406.276086334
553,50.5798356481,-4.73308376459,406.2692287
554,49.5491961694,0.849786971008,406.211496815
555,48.2378655428,6.16078337105,406.107580062
556,46.6718286301,11.1689393266,405.963621085
557,44.8782264624,15.8615188738,405.787085678
558,42.8837986492,20.2405128638,405.586605794
559,40.7138162648,24.3186260325,405.371798383
560,38.3914659406,28.1155539679,405.153063222
561,35.9375880879,31.6549472938,404.941363336
562,33.370660772,34.9621644148,404.747991986
563,30.7069350517,38.0627412956,404.584330521
564,27.9606509722,40.9814366224,404.461601677
565,25.1442862677,43.7417018811,404.390623054
566,22.2688082131,46.3654461569,404.381565625
567,19.3439122417,48.8729947069,404.443722122
568,16.3782396688,51.2831684584,404.585290024
569,13.3795722585,53.6134344857,404.813173683
570,10.355004497,55.8800960562,405.13280976
571,7.3110961162,58.09849967,405.548019759
572,4.25400821906,60.2832508577,406.060892868
573,1.1896266712,62.4484302077,406.671701733
574,-1.87632350281,64.6078081843,407.378853088
575,-4.93816901615,66.7750582551,408.178874411
576,-7.9901808563,68.9639691217,409.066437034
577,-11.0264648371,71.1886571429,410.034415303
578,-14.0408465356,73.4637795893,411.073980663
579,-17.0267469602,75.8047480917,412.174728775
580,-19.9770453019,78.2279391317,413.324837102
581,-22.8839252502,80.7508957767,414.511249822
582,-25.7387017596,83.3925054063,415.719886366
583,-28.531626095,86.173135204,416.935869515
584,-31.2516688556,89.1146885042,418.143768641
585,-33.8862840772,92.2405308878,419.327853496
586,-36.4211632562,95.5752106148,420.472353847
587,-38.8399972632,99.143870744,421.561720258
588,-41.1242776452,102.971223262,422.580881418
589,-43.2531872748,107.079940068,423.515493581
590,-45.2036525494,111.488332926,424.352177936
591,-46.9506507815,116.207276853,425.07874202
592,-48.4678768115,121.236517562,425.684381644
593,-49.7288555338,126.560805995,426.159860183
594,-50.7085226735,132.14669134,426.497662486
595,-51.3851751783,137.941103844,426.692121095
596,-51.7425342167,143.872839106,426.739512913
597,-51.771528418,149.857484771,426.638124879
598,-51.4713769063,155.805265001,426.38828769
599,-50.8496845779,161.630162078,425.992377056
600,-49.9215233312,167.258137776,425.454782404
601,-48.7077465562,172.632658262,424.781843449
602,-47.2329455936,177.716782681,423.981755465
603,-45.5234558314,182.492194822,423.064444571
604,-43.605697906,186.956227363,422.0414148
605,-41.5049796651,191.118043978,420.925569162
606,-39.2447542974,194.99487177,419.731007353
607,-36.8462556196,198.60879649,418.472803213
608,-34.328407048,201.984306193,417.166765398
609,-31.7079075588,205.146562669,415.829185146
610,-28.9994183206,208.120281683,414.476575296
611,-26.2157962475,210.929076756,413.125405034
612,-23.3683400128,213.595132738,411.791835002
613,-20.467028467,216.139101393,410.491457535
614,-17.5207412523,218.580138934,409.239046844
615,-14.5374576777,220.93603063,408.048323823
616,-11.5244336745,223.223362781,406.931740059
617,-8.48835875099,225.457721867,405.900285243
618,-5.43549594145,227.653904271,404.963321851
619,-2.37180822613,229.82612989,404.128450402
620,0.696924934103,231.988255927,403.401408023
621,3.76499728344,234.153989886,402.786002381
622,6.82666803293,236.337102239,402.284082251
623,9.87605306386,238.551639816,401.895545271
624,12.9070114158,240.812140772,401.618382566
625,15.9130233547,243.133850883,401.44875918
626,18.8870562772,245.53294009,401.381128445
627,21.8214147607,248.026711382,401.408377738
628,24.7075713345,250.633794746,401.522002393
629,27.5359752727,253.37430501,401.71230402
630,30.2958382339,256.269934225,401.968609004
631,32.9748984515,259.343931451,402.279502605
632,35.559170199,262.620900716,402.633073875
633,38.0326934306,266.126320435,403.017166468
634,40.3773109832,269.885658003,403.419630406
635,42.5725183576,-86.0770691731,403.828569973
636,44.5954534625,-81.7414321679,404.232583067
637,46.4211174231,-77.09351415,404.620987633
638,48.0229339682,-72.1295532809,404.984031101
639,49.3737483743,-66.8599518806,405.313079163
640,50.4473168768,-61.3129166081,405.600780648
641,51.220228348,-55.5366188618,405.841205736
642,51.6740406147,-49.5986536451,406.02995521
643,51.797255052,-43.5819892687,406.164239014
644,51.5866817218,-37.5775981024,406.242922844
645,51.0478373566,-31.6751848136,406.266542095
646,50.1942650271,-25.9542236594,406.237282956
647,49.0459634155,-20.4773833786,406.158931036
648,47.6273249308,-15.2874418055,406.036788389
649,45.9650250579,-10.4075723624,405.877560368
650,44.0862016065,-5.84402007529,405.689214213
651,42.0170960383,-1.58993562555,405.480811807
652,39.7821799649,2.37065786015,405.262319506
653,37.4036970939,6.05939374487,405.04439837
654,34.9015144606,9.50084862632,404.838178576
655,32.2931783003,12.7206024345,404.65502211
656,29.5940895188,15.7439618415,404.506278177
657,26.8177376806,18.5951964132,404.403035963
658,23.9759537109,21.29714321,404.355879566
659,21.0791577388,23.8710610925,404.374649932
660,18.1365897382,26.3366467312,404.468218638
661,15.1565178481,28.7121470704,404.644278147
662,12.146423608,31.0145295839,404.909152965
663,9.1131657968,33.2596809808,405.26763572
664,6.06312582776,35.4626191786,405.722851711
665,3.00233822202,37.6377093554,406.276154935
666,-0.0633901239564,39.7988797332,406.927057911
667,-3.12836814767,41.9598356645,407.673196945
668,-6.18691262473,44.1342722673,408.510333688
669,-9.23324033058,46.3360866148,409.432393085
670,-12.2613567364,48.5795903073,410.431537007
671,-15.2649375997,50.8797236636,411.498272123
672,-18.23719979,53.2522675604,412.621589846
673,-21.1707577331,55.7140519457,413.78913552
674,-24.0574620754,58.2831495716,414.987403494
675,-26.8882177551,60.9790400142,416.201954194
676,-29.6527799342,63.8227175267,417.417648991
677,-32.3395286517,66.8367017364,418.618898345
678,-34.9352273111,70.0448902548,419.789918588
679,-37.4247771019,73.4721671191,420.914992622
680,-39.7909902726,77.1436528742,421.978729869
681,-42.0144207135,81.0834577835,422.966320926
682,-44.0733106014,85.3127955246,423.86378259
683,-45.9437346016,89.8473506455,424.658189184
684,-47.6000416589,94.6939191424,425.337886436
685,-49.0156957959,99.8465702073,425.892684533
686,-50.1645829395,105.282928684,426.314027368
687,-51.0227632837,110.961553206,426.595135406
688,-51.5705078437,116.82158958,426.73112005
689,-51.7942993975,122.78564905,426.719067799
690,-51.6883765348,128.766060108,426.558092984
691,-51.255434779,134.67348287,426.249358265
692,-50.506293768,140.42592483,425.796062586
693,-49.4586224942,145.956027041,425.203396693
694,-48.1350545552,151.215203807,424.478466797
695,-46.5611207195,156.174385067,423.630187428
696,-44.7633666343,160.82208247,422.669144968
697,-42.7678757213,165.160938996,421.607433818
698,-40.5992636767,169.20384479,420.458467593
699,-38.2801026405,172.970358859,419.23676818
700,-35.8306809565,176.483802275,417.957735911
701,-33.2689951651,179.769109449,416.6374045
702,-30.6108850192,182.851365488,415.292184733
703,-27.8702445909,185.754893344,413.938601213
704,-25.059264152,188.502747056,412.593026703
705,-22.1886748537,191.116488131,411.27141877
706,-19.2679806769,193.616146388,409.989063528
707,-16.3056703772,196.02029914,408.760331254
708,-13.3094072738,198.346218625,407.598448516
709,-10.2861977196,200.610057627,406.515291268
710,-7.24254070607,202.827053904,405.521202976
711,-4.18456184792,205.011742242,404.624841422
712,-1.11813531922,207.178168395,403.833057287
713,1.95100259663,209.34010256,403.150806951
714,5.01714468517,211.511252132,402.581101279
715,8.07450507039,213.705474363,402.124991353
716,11.1171089361,215.936990993,401.781591355
717,14.1386760243,218.220602928,401.548137983
718,17.1324941857,220.571907529,401.420084991
719,20.0912792438,223.007512771,401.391230707
720,23.0070175523,225.545242023,401.453875689
721,25.8707880489,228.204315731,401.599007064
722,28.6725616026,231.005487114,401.816505594
723,31.4009774547,233.971095349,402.095371088
724,34.0431001971,237.124980895,402.423961477
725,36.584166906,240.492183035,402.790240709
726,39.0073438485,244.098310567,403.182030509
727,41.2935267137,247.968449556,403.587261109
728,43.421238051,252.125453551,403.994216176
729,45.3666991744,256.587489073,404.39176737
730,47.1041759495,261.364796724,404.769594278
731,48.6067071989,266.455836327,405.118385802
732,49.8473026801,-88.1566846334,405.430019518
733,50.8006243973,-82.5089960874,405.697715939
734,51.445032161,-76.657460323,405.916165121
735,51.7647063856,-70.6766495361,406.081623536
736,51.7514267921,-64.6538455182,406.191979672
737,51.4055744623,-58.6806597031,406.246787319
738,50.7360853265,-52.8436040082,406.247266065
739,49.7593680175,-47.2158946533,406.196269028
740,48.4974777437,-41.8522406506,406.09821842
741,46.9759843515,-36.7872124768,405.959010016
742,45.2219482252,-32.036650758,405.785888179
743,43.262276999,-27.6009605218,405.587293547
744,41.1225689851,-23.4691020328,405.37268603
745,38.8264210076,-19.6224080465,405.152346168
746,36.3951100735,-16.0377599555,404.93715841
747,33.8475399719,-12.6899774374,404.738380189
748,31.2003549223,-9.55347029232,404.567401074
749,28.4681450271,-6.60328717461,404.435496495
750,25.6636916758,-3.81571203329,404.35358079
751,22.7982203716,-1.16854579541,404.331964387
752,19.881642551,1.35882365851,404.380119994
753,16.9227774251,3.78548303694,404.506462539
754,13.9295507882,6.12913413895,404.718147446
755,10.9091712154,8.40627795655,405.020891504
756,7.86828596671,10.6324203873,405.418820175
757,4.81311984285,12.8222866557,405.914344678
758,1.74960062957,14.9900375855,406.508071589
759,-1.31652513748,17.1494847483,407.198746999
760,-4.37958237312,19.3143037004,407.983236565
761,-7.43385994748,21.4982469747,408.856541984
762,-10.473501868,23.7153553949,409.811853677
763,-13.4923935113,25.9801718535,410.840638654
764,-16.4840392543,28.3079546979,411.932761814
765,-19.4414278514,30.7148892722,413.07663825
766,-22.3568819983,33.2182914743,414.259413484
767,-25.2218888656,35.8367918682,415.467168047
768,-28.0269092032,38.5904806434,416.685142392
769,-30.7611642784,41.5009817091,417.897977772
770,-33.4124029823,44.5914074444,419.089968515
771,-35.966656678,47.8861232979,420.24532101
772,-38.4079977946,51.4102257737,421.348414688
773,-40.7183308304,55.1886061166,422.384060377
774,-42.8772620055,59.244459069,423.337751561
775,-44.8621155701,63.5970993686,424.195904303
776,-46.6481869306,68.2590199737,424.9460819
777,-48.2093362276,73.2322887077,425.57720066
778,-49.5190151879,78.5046647927,426.079713584
779,-50.5517655334,84.0461930793,426.445769135
780,-51.2851162649,89.8073704037,426.669342706
781,-51.7016523026,95.7200354395,426.746338837
782,-51.7908812828,101.701670631,426.674662671
783,-51.5504718491,107.662808675,426.454259595
784,-50.9865397548,113.516078386,426.08712247
785,-50.1129028027,119.184748055,425.577266304
786,-48.9495073452,124.608833015,424.930670664
787,-47.5204175922,129.747812037,424.155190619
788,-45.8517867889,134.580149637,423.260437419
789,-43.9701233364,139.100597315,422.257630597
790,-41.9010059195,143.316451445,421.159423637
791,-39.6682628821,147.243727271,419.979705772
792,-37.293546238,150.903829568,418.733382931
793,-34.796198391,154.320956868,417.436141242
794,-32.1933121704,157.520247108,416.104196895
795,-29.499903743,160.526558202,414.754036478
796,-26.7291406789,163.363736852,413.402152205
797,-23.8925875443,166.054241486,412.064776638
798,-21.0004467019,168.619003915,410.757621682
799,-18.0617826127,171.0774459,409.495626613
800,-15.0847247742,173.4475906,408.292719915
801,-12.0766485777,175.746228696,407.161599469
802,-9.04433571034,177.989113497,406.113535415
803,-5.99411695655,180.191169467,405.158199598
804,-2.9320008166,182.366705518,404.303525021
805,0.136208429023,184.529628727,403.55559815
806,3.20479954364,186.693658139,402.918586254
807,6.26804639817,188.872536411,402.394701198
808,9.32009964085,191.080243657,401.984200377
809,12.3548743226,193.331211929,401.685424625
810,15.3659297828,195.640541483,401.494872184
811,18.3463380555,198.024217043,401.407306992
812,21.2885370832,200.499319398,401.415898879
813,24.1841652414,203.084222833,401.512392543
814,27.0238742925,205.798761453,401.687301655
815,29.7971192334,208.664336519,401.930123939
816,32.4919260824,211.703921087,402.229572715
817,35.094643207,214.941898247,402.573820142
818,37.5896893111,218.403639033,402.950747257
819,39.9593228152,222.114702342,403.348195876
820,42.1834740332,226.099508492,403.754217484
821,44.2397031834,230.379337963,404.157314439
822,46.1033712076,234.969551776,404.546669017
823,47.7481290721,239.876064621,404.912356199
824,49.1468303589,245.091359359,405.245536425
825,50.2729313589,250.590705555,405.53862502
826,51.1023449259,256.329634835,405.785435414
827,51.6155616763,262.243906993,405.981293799
828,51.7996874275,268.252898036,406.123123355
829,51.6499515913,-85.733566745,406.209496723
830,51.1702990791,-79.8061352637,406.240655899
831,50.3729014347,-74.0467365744,406.218499283
832,49.2767231727,-68.5214503612,406.146536149
833,47.9055154987,-63.2767591485,406.029809315
834,46.2856847706,-58.3392735844,405.874787331
835,44.4444008069,-53.7180645698,405.689228031
836,42.4081482591,-49.4083725437,405.482015756
837,40.2017677161,-45.3956092136,405.262975088
838,37.8479291962,-41.6589482885,405.042664351
839,35.3669350531,-38.1741841133,404.83215256
840,32.7767454942,-34.9158063752,404.642783896
841,30.0931374524,-31.8583880729,404.485934049
842,27.3299314208,-28.9774310624,404.372763066
843,24.4992429057,-26.2498192342,404.313969482
844,21.6117323542,-23.6540022015,404.31955058
845,18.6768394926,-21.1700039658,404.398573611
846,15.7029958836,-18.779323701,404.558962685
847,12.6978143095,-16.464774033,404.807305771
848,9.66825632886,-14.2102860405,405.148685924
849,6.62078079099,-12.000698822,405.586540395
850,3.56147676317,-9.82154391479,406.122550708
851,0.496184568497,-7.65882860792,406.756566181
852,-2.56939133141,-5.49882253066,407.486562651
853,-5.62957391703,-3.32784413583,408.308637401
854,-8.67860601104,-1.13204867476,409.217040525
855,-11.7105398747,1.10278439816,410.204242178
856,-14.7191203649,3.3914648518,411.261034381
857,-17.6976579942,5.74960487129,412.37666536
858,-20.6388882599,8.19382831755,413.539003692
859,-23.534813784,10.7419681149,414.734728983
860,-26.3765263049,13.4132373214,415.949545305
861,-29.1540066723,16.2283496099,417.168413201
862,-31.8559031586,19.2095522292,418.375795821
863,-34.4692922438,22.3805120382,419.555914542
864,-36.9794324522,25.765976811,420.693009366
865,-39.369531852,29.3911002184,421.771599412
866,-41.6205644697,33.2802967229,422.776738926
867,-43.7111903761,37.4554811238,423.69426443
868,-45.6178568342,41.9335764833,424.511028889
869,-47.3151779668,46.723276778,425.215119085
870,-48.776696179,51.8212627907,425.796052749
871,-49.9761021869,57.208400216,426.244952401
872,-50.8889134633,62.8468317197,426.554693238
873,-51.4944783784,68.6791311683,426.720022874
874,-51.778013447,74.6305511528,426.737651153
875,-51.7322626845,80.6147005449,426.60630872
876,-51.358374179,86.5418540156,426.326773475
877,-50.6657574292,92.3280614741,425.901864501
878,-49.6709610572,97.9028851028,425.336403499
879,-48.3958679499,103.214167242,424.637144236
880,-46.8656302954,108.22936026,423.812670958
881,-45.1067323111,112.933999082,422.873267176
882,-43.1454302533,117.328439235,421.830756697
883,-41.0066616773,121.423985066,420.698319218
884,-38.7133974487,125.239218192,419.490283231
885,-36.2863481805,128.796955981,418.221899429
886,-33.7439211348,132.121965828,416.909098173
887,-31.1023348333,135.239387349,415.568234969
888,-28.3758202581,138.17373012,414.215828188
889,-25.576859649,140.948303018,412.868293543
890,-22.716432134,143.584946472,411.54168
891,-19.8042487361,146.103966275,410.251411902
892,-16.8489682432,148.524194937,409.0120421
893,-13.8583910388,150.863129435,407.837020755
894,-10.8396313105,153.137111593,406.73848432
895,-7.79926986682,155.361529952,405.727068818
896,-4.74349070949,157.551031658,404.811751183
897,-1.67820489331,159.719735302,403.999721833
898,1.39083466875,161.881445208,403.296291072
899,4.45792379421,164.049864114,402.704831192
900,7.51729937372,166.238805892,402.226755404
901,10.5630298312,168.46240924,401.861533934
902,13.5889000356,170.735353051,401.60674681
903,16.5882869473,173.073073006,401.458172088
904,19.5540222568,175.491976729,401.409907495
905,22.4782383588,178.009651094,401.454522767
906,25.3521943512,180.645049348,401.583239345
907,28.1660796178,183.41863815,401.786133545
908,30.9087943253,186.352468319,402.0523589
909,33.5677094564,189.470121189,402.37038304
910,36.1284146279,192.796453009,402.728234278
911,38.574471003,196.357034956,403.113752978
912,40.887200201,200.17715615,403.514842768
913,43.0455589209,204.280238449,403.919716823
914,45.0261721146,208.68552436,404.317134588
915,46.8036206077,213.404976615,404.696624631
916,48.351091913,218.439509819,405.048689647
917,49.6414884659,223.774984381,405.364990027
918,50.6490249413,229.378794021,405.638502873
919,51.3512237592,235.198212663,405.863653773
920,51.7310524877,241.161685832,406.036419202
921,51.7787996569,247.183691783,406.154397874
922,51.4932459788,253.172704908,406.216849951
923,50.8818175873,259.04060304,406.224703491
924,49.9596782557,264.711248242,406.180528104
925,48.7480083496,-89.8736747584,406.088476272
926,47.2718950275,-84.752385456,405.954193356
927,45.5582630145,-79.9439376689,405.784697804
928,43.6341491629,-75.4512637297,405.588233608
929,41.5254556465,-71.2651152159,405.374097541
930,39.2561784938,-67.3679575933,405.15244417
931,36.848029085,-63.7372831664,404.934072109
932,34.3203402386,-60.3481441454,404.730195328
933,31.690155693,-57.1749307484,404.552203738
934,28.972423316,-54.1925184978,404.411417518
935,26.1802361454,-51.3769369495,404.318839875
936,23.3250855857,-48.7056993197,404.284913077
937,20.4171061359,-46.1579048847,404.31928259
938,17.4653012456,-43.7141968006,404.430574139
939,14.4777463773,-41.3566328898,404.626188279
940,11.4617692022,-39.0685076913,404.912116819
941,8.42410898763,-36.8341488303,405.292785029
942,5.37105830292,-34.6387045318,405.770923062
943,2.3085906364,-32.467926693,406.347469454
944,-0.757522348778,-30.3079555921,407.021508867
945,-3.82160019811,-28.1451061805,407.790245546
946,-6.87794601814,-25.9656556378,408.649013174
947,-9.92073816673,-23.7556311198,409.591321041
948,-12.943917656,-21.5005968094,410.608935637
949,-15.9410676221,-19.1854403356,411.691996077
950,-18.9052812041,-16.7941605415,412.829161009
951,-21.8290142425,-14.3096619789,414.007784065
952,-24.7039194924,-11.7135653976,415.214114363
953,-27.52065975,-8.98605471191,416.43351808
954,-30.2686987719,-6.10578627812,417.650716828
955,-32.9360716218,-3.04990803652,418.850038261
956,-35.5091408623,0.205746286504,420.015674253
957,-37.9723527716,3.68619540129,421.131941925
958,-40.3080195874,7.4164607124,422.183542881
959,-42.4961704529,11.4201866784,423.15581614
960,-44.5145349081,15.7175914764,424.034980479
961,-46.3387453455,20.3226625478,424.808362206
962,-47.9428608761,25.2396551759,425.464604677
963,-49.3003100828,30.4592159386,425.993856267
964,-50.3853049199,35.9548152225,426.387933916
965,-51.1746774142,41.6805380165,426.640459774
966,-51.6499412971,47.5714046105,426.746968905
967,-51.799227604,53.5470394287,426.704986479
968,-51.618666801,59.5185890079,426.514073306
969,-51.1128626621,65.3976203958,426.175839031
970,-50.2943276352,71.1049182959,425.693922763
971,-49.1820346238,76.5771424449,425.07394136
972,-47.7994533807,81.7701783145,424.323406065
973,-46.1724973559,86.6591839011,423.451608622
974,-44.3277199062,91.2362065777,422.469478484
975,-42.2909430806,95.5065502641,421.389413159
976,-40.086355914,99.4849090311,420.225084184
977,-37.7360237864,103.191921628,418.991221676
978,-35.2597096189,106.651436278,417.703380787
979,-32.67490535,109.888527323,416.377693796
980,-29.9969892404,112.928170047,415.030611908
981,-27.2394472251,115.794432043,413.678641112
982,-24.4141173583,118.510040505,412.338076695
983,-21.5314326134,121.096207536,411.024741127
984,-18.6006487108,123.572623651,409.753730136
985,-15.6300510952,125.95755526,408.539171699
986,-12.6271397437,128.268003784,407.394002585
987,-9.5987931069,130.519895868,406.329766801
988,-6.55141387223,132.728290947,405.356439931
989,-3.49105989871,134.907593914,404.482282889
990,-0.42356393031,137.071769058,403.713728056
991,2.64535424639,139.234553341,403.055300084
992,5.70997954765,141.409669073,402.509572956
993,8.76449360652,143.611036902,402.077164106
994,11.8028634108,145.852990144,401.756765596
995,14.8187228788,148.15049081,401.545211579
996,17.8052436393,150.51934594,401.437580437
997,20.7549912873,152.976421262,401.427329323
998,23.6597635573,155.539841206,401.50645809
999,26.5104073774,158.229163284,401.665699047
1000,29.2966129493,161.065498748,401.894728485
1001,32.0066853041,164.071540239,402.182395498
1002,34.6272979171,167.271435854,402.516963397
1003,37.1432398557,170.690423431,402.886358816
1004,39.537178717,174.354109393,403.278423574
1005,41.7894773226,178.287249882,403.681164419
1006,43.8781229595,182.511882666,404.082995915
1007,45.7788518606,187.044692482,404.47297197
1008,47.4655721324,191.893608961,404.841001827
1009,48.9111924273,197.053866417,405.17804669
1010,50.088931896,202.504117471,405.476293583
1011,50.9741001529,208.20358706,405.729303504
1012,51.5461914851,214.091497533,405.932131397
1013,51.7909697571,220.089796007,406.081416015
1014,51.7021064327,226.10941314,406.175438214
1015,51.2819603925,232.059071865,406.214146788
1016,50.5412849608,237.854633557,406.199151472
1017,49.4979439728,243.42673784,406.133683268
1018,48.1749763779,248.72521029,406.022522794
1019,46.5984562293,253.719926936,405.871897868
1020,44.7955369049,258.398869223,405.689352081
1021,42.7929140642,262.764574882,405.483586582
1022,40.6157794176,266.830125377,405.26427782
1023,38.2872223285,-89.3845541166,405.041874421
1024,35.8279808549,-85.8556968133,404.827376826
1025,33.2564339733,-82.5579083688,404.632103664
1026,30.5887417067,-79.4656690935,404.467449198
1027,27.839063386,-76.554267386,404.344636417
1028,25.0198069995,-73.8003143992,404.274470518
1029,22.1418807444,-71.1819689647,404.267097656
1030,19.2149308586,-68.6789726118,404.33177377
1031,16.2475583669,-66.2725654093,404.476648242
1032,13.2475126544,-63.9453340639,404.708566894
1033,10.2218628289,-61.6810207032,405.032898493
1034,7.17714946654,-59.4643144774,405.453388512
1035,4.11952011212,-57.2806362751,405.972043365
1036,1.05485220929,-55.1159225388,406.589047681
1037,-2.01113280385,-52.9564105059,407.302716527
1038,-5.07276053134,-50.7884251238,408.109483725
1039,-8.12429613717,-48.598166816,409.00392662
1040,-11.1598347197,-46.3714990139,409.978826906
1041,-14.1731859113,-44.093735023,411.025266313
1042,-17.1577490474,-41.749423931,412.132755248
1043,-20.1063752607,-39.3221411977,413.289391794
1044,-23.0112129908,-36.7942875836,414.482047887
1045,-25.8635338247,-34.1469119967,415.696578964
1046,-28.6535365562,-31.3595793115,416.918052979
1047,-31.3701292768,-28.4103183947,418.130994365
1048,-34.0006927975,-25.2757033655,419.319638348
1049,-36.5308345709,-21.9311444771,420.468190883
1050,-38.9441515815,-18.351492529,421.561089541
1051,-41.22203442,-14.5120875336,422.583260723
1052,-43.343563425,-10.390397079,423.520368796
1053,-45.2855701136,-5.96836925549,424.359052969
1054,-47.0229583375,-1.23554223483,425.087148049
1055,-48.5293891491,3.80724352927,425.693885538
1056,-49.7784143325,9.14398955701,426.170071975
1057,-50.7450767481,14.7403858915,426.508241761
1058,-51.4078723136,20.5425015566,426.702782214
1059,-51.7508095253,26.4784167702,426.750028978
1060,-51.7651700375,32.4632992837,426.648330397
1061,-51.4505522371,38.4073471036,426.398079895
1062,-50.8149197894,44.2249165999,426.001715873
1063,-49.8736418031,49.8426557964,425.463689072
1064,-48.6477821934,55.2048829932,424.79039782
1065,-47.1620503253,60.275525244,423.990092048
1066,-45.4428171655,65.0370342656,423.072747376
1067,-43.5164754725,69.487351377,422.049911082
1068,-41.4082629167,73.636074932,420.934522175
1069,-39.1415390004,77.5007099496,419.74070825
1070,-36.7374347438,81.1034946849,418.483562235
1071,-34.2147714531,84.4689781644,417.178902518
1072,-31.5901526031,87.6223215984,415.843020349
1073,-28.8781535355,90.588202303,414.492418686
1074,-26.0915561725,93.3901748038,413.143546959
1075,-23.2415950288,96.0503561576,411.81253641
1076,-20.3381949979,98.5893300183,410.514940765
1077,-17.3901910488,101.026188172,409.265487035
1078,-14.405526111,103.378657983,408.077841161
1079,-11.3914270904,105.663276745,406.964393017
1080,-8.35456099956,107.895590898,405.936064988
1081,-5.30117423056,110.090366195,405.002147954
1082,-2.23721845727,112.261801368,404.170167966
1083,0.831533184919,114.423741878,403.445786313
1084,3.89937597833,116.589892867,402.832735007
1085,6.96056591802,118.77403183,402.332788927
1086,10.0092107879,120.990221874,401.945775126
1087,13.0391563599,123.253027445,401.669618971
1088,16.0438640081,125.577729806,401.500425997
1089,19.0162759966,127.980543467,401.43259759
1090,21.9486647511,130.478825463,401.458977915
1091,24.8324627159,133.091267557,401.57102884
1092,27.6580701376,135.838052144,401.759029084
1093,30.4146396947,138.740940856,402.012293333
1094,33.089839844,141.823248074,402.319406769
1095,35.6696038896,145.109629,402.66847019
1096,38.1378801194,148.625584288,403.04735081
1097,40.4764110556,152.396553552,403.44393381
1098,42.6645877222,156.446449435,403.846369805
1099,44.6794473664,160.795485041,404.243313593
1100,46.4959066953,165.457215922,404.624149783
1101,48.0873384876,170.434871965,404.97920129
1102,49.4265914502,175.717344977,405.299917007
1103,50.4875007756,181.275587542,405.579035464
1104,51.2468251031,187.060545438,405.810721705
1105,51.6863847734,193.003840145,405.990675133
1106,51.7950193664,199.021976881,406.11620659
1107,51.5699169776,205.023835098,406.186283441
1108,51.016965405,210.91997623,406.201541973
1109,50.1500270431,216.631541415,406.164266971
1110,48.9893373797,222.096689637,406.078338833
1111,47.5594319553,227.273523903,405.949149142
1112,45.8870422754,232.139677613,405.783486128
1113,43.9992927371,236.689561487,405.589391962
1114,41.9223634497,240.930504825,405.375994335
1115,39.6806367059,244.878799941,405.153315233
1116,37.2962547049,248.556260752,404.93206028
1117,34.7889817895,251.987544114,404.723392426
1118,32.1762671436,255.198241622,404.538694108
1119,29.4734239316,258.21362858,404.389322327
1120,26.6938648085,261.057918925,404.286361292
1121,23.8493548146,263.753883674,404.240377452
1122,20.9502586701,266.32271308,404.261181759
1123,18.005770516,268.784038085,404.357603986
1124,15.0241212259,-88.843953157,404.537283752
1125,12.0127626645,-86.5443439247,404.806482635
1126,8.97853065855,-84.3012891901,405.169921392
1127,5.92778966824,-82.0998033005,405.630645828
1128,2.86656269778,-79.9255438546,406.189924267
1129,-0.19934983654,-77.7645959608,406.847178935
1130,-3.26425855229,-75.6032582099,407.59995286
1131,-6.32247718072,-73.4278302337,408.443913107
1132,-9.36821464414,-71.2243998201,409.37289041
1133,-12.3954635072,-68.9786311288,410.378954453
1134,-15.3978811607,-66.6755504714,411.452523336
1135,-18.3686600783,-64.299333727,412.582505007
1136,-21.3003835345,-61.8330988868,413.75646782
1137,-24.1848634019,-59.2587130843,414.960836817
1138,-27.0129572541,-56.556630437,416.181111844
1139,-29.7743633063,-53.7057875434,417.402103259
1140,-32.4573942027,-50.6835983999,418.608180729
1141,-35.0487350065,-47.4661106905,419.783530444
1142,-37.5331978908,-44.0284109214,420.912416037
1143,-39.8934970366,-40.3453928259,421.979438544
1144,-42.1100830098,-36.393030687,422.969790871
1145,-44.1610963649,-32.1502972917,423.869502427
1146,-46.0225229593,-27.6018298654,424.665669879
1147,-47.6686515577,-22.741319089,425.346670298
1148,-49.0729345125,-17.5753573864,425.902353325
1149,-50.2093158418,-12.1271306358,426.324209399
1150,-51.0540009282,-6.43896344299,426.605511499
1151,-51.5874993348,-0.572537622962,426.741428285
1152,-51.7966145247,5.39414196261,426.729106975
1153,-51.6759573992,11.3731353861,426.56772474
1154,-51.2286031465,17.2752462648,426.258507846
1155,-50.4657120718,23.0190037291,425.804718238
1156,-49.4052190887,28.5378280832,425.211607711
1157,-48.0699316234,33.7840164594,424.486340263
1158,-46.4854635694,38.729343631,423.637883704
1159,-44.6783677255,43.3630346204,422.676872015
1160,-42.6746794541,47.6882738593,421.615440449
1161,-40.4989319405,51.7183219747,420.467035782
1162,-38.1735976213,55.4729623644,419.24620456
1163,-35.7188605209,58.9756281579,417.968362632
1164,-33.1526164087,62.2512865707,416.6495496
1165,-30.4906124844,65.3250038471,415.306172222
1166,-27.7466606854,68.2210542661,413.95474106
1167,-24.9328801796,70.962427636,412.61160493
1168,-22.0599417322,73.5706158459,411.292687858
1169,-19.1372988668,76.0655810659,410.013233345
1170,-16.1733988353,78.4658382157,408.78756069
1171,-13.1758714183,80.7886048115,407.628838032
1172,-10.1516964895,83.0499877648,406.548876524
1173,-7.10735284795,85.2651883219,405.55794969
1174,-4.04895158555,87.4487142906,404.6646416
1175,-0.982357568116,89.6145939759,403.875726914
1176,2.08669730589,91.7765894417,403.196085233
1177,5.15250541254,93.9484099077,402.628651454
1178,8.20927563941,96.1439235874,402.174403098
1179,11.2510229121,98.3773723892,401.832384744
1180,14.2714513337,100.663587493,401.599768937
1181,17.2638272101,103.018205964,401.471952128
1182,20.220838224,105.45788485,401.44268346
1183,23.1344351489,108.00050529,401.504223546
1184,25.9956529326,110.665352755,401.647529755
1185,28.7944090126,113.473250017,401.862464029
1186,31.519278781,116.446605609,402.138018846
1187,34.1572518543,119.609321317,402.462556634
1188,36.6934791088,122.986478561,402.824057781
1189,39.1110304357,126.603690933,403.210372307
1190,41.3906979216,130.485988094,403.609470288
1191,43.5108991209,134.656076362,404.00968628
1192,45.4477587431,139.131848737,404.399953182
1193,47.175468971,143.923113431,404.770021306
1194,48.6670370105,149.027720292,405.110658744
1195,49.8955048325,154.427601604,405.413829561
1196,50.8356502684,160.085647659,405.672846783
1197,51.4660433774,165.944627557,405.882497628
1198,51.7711638035,171.929266445,406.039138924
1199,51.7431540566,177.951896641,406.140761204
1200,51.3827795256,183.920930154,406.187020455
1201,50.6993339259,189.750280201,406.179237062
1202,49.7095165861,195.367458087,406.120362015
1203,48.4355831444,200.71862988,406.014910957
1204,46.9032102617,205.770096126,405.868867226
1205,45.1394836532,210.506773639,405.689555506
1206,43.1712750194,214.928846816,405.48548826
1207,41.0241070208,219.047768825,405.266187582
1208,38.7214797125,222.882465276,405.041985566
1209,36.2845661423,226.456191332,404.82380675
1210,33.7321682159,229.794176245,404.62293654
1211,31.0808357962,232.92200183,404.450779907
1212,28.3450748573,235.864575896,404.318614866
1213,25.5375937881,238.645552389,404.237345493
1214,22.6695560488,241.287061826,404.217259302
1215,19.750821254,243.809647932,404.267793851
1216,16.7901660387,246.232333816,404.397317321
1217,13.7954818498,248.572765036,404.612927647
1218,10.7739501974,250.847395063,404.920274427
1219,7.73219773891,253.071691611,405.323407459
1220,4.67643447131,255.260351271,405.824655211
1221,1.61257867453,257.427515623,406.424535926
1222,-1.45362765906,259.586987,407.121703389
1223,-4.51650919714,261.752440835,407.912928642
1224,-7.57034978267,263.937638648,408.793118163
1225,-10.609283465,266.156640234,409.755368228
1226,-13.6271804182,268.424016829,410.791054425
1227,-16.6175240955,-89.2449353479,411.889954518
1228,-19.573275966,-86.8339837425,413.040402202
1229,-22.4867242857,-84.325756485,414.229468656
1230,-25.3493137084,-81.7015595443,415.443168276
1231,-28.1514533905,-78.9412341801,416.666684556
1232,-30.88230296,-76.0230872193,417.884611735
1233,-33.5295388626,-72.9239425117,419.081207637
1234,-36.0791089673,-69.6193878469,420.240653006
1235,-38.5149919056,-66.0843127203,421.347312623
1236,-40.8189904963,-62.2938657766,422.385993582
1237,-42.9706064011,-58.2249752825,423.342196275
1238,-44.9470650545,-53.8585660719,424.202353847
1239,-46.7235819145,-49.1825349208,424.954056201
1240,-48.2739738391,-44.1953772893,425.586254968
1241,-49.571707026,-38.9100683901,426.08944624
1242,-50.5914160235,-33.3574232702,426.455828263
1243,-51.3108148394,-27.5878308346,426.679431725
1244,-51.7127652948,-21.6702190396,426.756220718
1245,-51.7871243814,-15.6875963725,426.684162862
1246,-51.5319450089,-9.72953376451,426.463267599
1247,-50.9537149797,-3.88309189726,426.095592036
1248,-50.0665681859,1.77564749085,425.585214246
1249,-48.8906821194,7.18754757266,424.938174336
1250,-47.4502577783,12.3129764234,424.162384089
1251,-45.7714986043,17.1312044842,423.267506413
1252,-43.8808948114,21.6376338683,422.264806307
1253,-41.803960048,25.8400345478,421.166975493
1254,-39.5644305371,29.7547312818,419.98793332
1255,-37.1838545997,33.4033044015,418.74260696
1256,-34.6814701502,36.8100293124,417.446694323
1257,-32.0742713977,40.0000527942,416.116413511
1258,-29.3771853273,42.9981988741,414.768242946
1259,-26.6033012355,45.8282572089,413.418656573
1260,-23.7641164913,48.5126183816,412.083858787
1261,-20.8697767798,51.072144327,410.779523815
1262,-17.9292995044,53.5261902977,409.520544359
1263,-14.9507757202,55.8927195059,408.320794226
1264,-11.9415500202,58.1884710118,407.192909513
1265,-8.90838007529,60.4291556935,406.148092619
1266,-5.85757871849,62.6296649596,405.195942994
1267,-2.79514200793,64.8042847928,404.344318018
1268,0.273133100016,66.9669085955,403.599226824
1269,3.34153780123,69.1312509479,402.964759202
1270,6.40434357112,71.3110600825,402.443051009
1271,9.45569373471,73.5203310965,402.034286681
1272,12.4894908282,75.7735206743,401.736738701
1273,15.4992760541,78.0857634033,401.546843031
1274,18.4780970897,80.4730879573,401.459308769
1275,21.4183605397,82.9526283173,401.467259564
1276,24.3116655523,85.5428202539,401.562403654
1277,27.1486157597,88.263565572,401.735228854
1278,29.9186080891,91.1363366443,401.975218309
1279,32.6095996433,94.1841743671,402.27108251
1280,35.2078585146,97.4315171061,402.611002787
1281,37.6977120683,100.903765414,402.982881385
1282,40.0613180586,104.626461219,403.374593179
1283,42.27850084,108.623934667,403.774234181
1284,44.3267167648,112.917269894,404.170362153
1285,46.1812367632,117.52149008,404.552224885
1286,47.8156523019,122.442001552,404.909972035
1287,49.2028087426,127.670599949,405.234846806
1288,50.3162272872,133.181719355,405.519354137
1289,51.1319760204,138.929991583,405.757402603
1290,51.6307960891,144.850349528,405.944417641
1291,51.8001255201,150.861574561,406.0774243
1292,51.6355742471,156.87326562,406.155098168
1293,51.1414695414,162.794970761,406.177783713
1294,50.3303202027,168.545331239,406.147479778
1295,49.2213483365,174.059081685,406.06779251
1296,47.8384680337,179.290637128,405.94385654
1297,46.2081576413,184.214228702,405.782225751
1298,44.3575845744,188.821483705,405.59073549
1299,42.3131783281,193.117682436,405.378338569
1300,40.0996924598,197.117762418,405.154917911
1301,37.7396950018,200.84275628,404.931079112
1302,35.2533834234,204.316967311,404.717926625
1303,32.6586177937,207.565927896,404.526827655
1304,29.9710838899,210.61503962,404.36916813
1305,27.2045219083,213.488747502,404.256105395
1306,24.3709783081,216.210101364,404.198322396
1307,21.4810552836,218.800581708,404.205788232
1308,18.5441442295,221.280097111,404.287529893
1309,15.5686372793,223.667087054,404.45141988
1310,12.5621156819,225.97868567,404.703984142
1311,9.53151645075,228.230917584,405.050234444
1312,6.48328011449,230.438909449,405.493528773
1313,3.42348304083,232.617104792,406.035462865
1314,0.357958037912,234.77948067,406.675795298
1315,-2.70759303375,236.93976186,407.412407859
1316,-5.76749094871,239.111633672,408.241302169
1317,-8.81597146073,241.30895415,409.156632762
1318,-11.8470746802,243.545966726,410.150776016
1319,-14.8545278479,245.83751368,411.214433592
1320,-17.8316178462,248.199249269,412.336768298
1321,-20.7710498185,250.647848671,413.505569652
1322,-23.664788451,253.201204373,414.70744582
1323,-26.5038789939,255.878596241,415.928038133
1324,-29.2782462451,258.700808073,417.152253998
1325,-31.976471941,261.690155347,418.364513715
1326,-34.5855549437,264.87036374,419.549006581
1327,-37.0906651705,268.266217063,420.689951549
1328,-39.47491244,-88.0971359225,421.771857766
1329,-41.7191662703,-84.1953515113,422.779780422
1330,-43.8019823755,-80.0066827338,423.699567539
1331,-45.6997142798,-75.5145061976,424.518093589
1332,-47.3869081931,-70.7105906773,425.223476141
1333,-48.8370840266,-65.5988963113,425.805272126
1334,-50.023977098,-60.1993583962,426.254650656
1335,-50.923235438,-54.5507266628,426.564539782
1336,-51.5144329067,-48.7112910188,426.729745016
1337,-51.7830985948,-42.7564759366,426.747037837
1338,-51.7223485442,-36.7730174521,426.615212913
1339,-51.3337191034,-30.8505715369,426.335113176
1340,-50.6269765085,-25.0726213582,425.909622351
1341,-49.6189554896,-19.5088484229,425.343625023
1342,-48.3317331226,-14.2105203763,424.643934741
1343,-46.7905620953,-9.20931021254,423.819191143
1344,-45.0219464887,-4.51892883356,422.879727538
1345,-43.0521023016,-0.138437634089,421.837410832
1346,-40.9058881594,3.94387499844,420.705456133
1347,-38.6061756675,7.74684342021,419.498218809
1348,-36.173569512,11.293416796,418.230967199
1349,-33.6263734188,14.6084084402,416.919639565
1350,-30.9807100794,17.7169467153,415.580589233
1351,-28.2507249732,20.6434956882,414.230322177
1352,-25.4488260249,23.4113008702,412.885231568
1353,-22.5859290483,26.0421326122,411.561333963
1354,-19.6716920131,28.5562271378,410.274011916
1355,-16.7147299418,30.9723523224,409.037767799
1356,-13.7228077292,33.3079478044,407.865993499
1357,-10.7030114096,35.5793074259,406.770760455
1358,-7.66190016156,37.8017808633,405.76263418
1359,-4.6056422229,39.9899857396,404.850516955
1360,-1.5401382577,42.1580213194,404.041521889
1361,1.52886416479,44.3196820862,403.340880875
1362,4.59566131984,46.4886705479,402.751888298
1363,7.65448566665,48.6788099761,402.27588158
1364,10.6993961406,50.9042581512,401.912258869
1365,13.7241627303,53.1797228037,401.658533366
1366,16.7221416212,55.5206782267,401.510422988
1367,19.6861371625,57.943580077,401.461973335
1368,22.6082470103,60.4660727819,401.505711201
1369,25.4796871605,63.1071745298,401.632825265
1370,28.2905944864,65.8874218125,401.833370073
1371,31.029806221,68.8289366551,402.096488977
1372,33.6846191973,71.9553651251,402.410651401
1373,36.2405374219,75.2916107398,402.763899596
1374,38.6810257895,78.8632579881,403.144099947
1375,40.9873015732,82.6955523418,403.539193929
1376,43.138214365,86.8117852141,403.937443907
1377,45.1102883919,91.2309469524,404.327669193
1378,46.8780240054,95.9645920146,404.699468054
1379,48.4145671918,101.013047636,405.043421702
1380,49.6928397202,106.361414018,405.351276714
1381,50.6871574169,111.97620188,405.616102758
1382,51.3752389108,117.80378893,405.832422999
1383,51.7403409562,123.771863129,405.996315029
1384,51.7731120796,129.7944424,406.105480701
1385,51.4727234972,135.77994614,406.159283777
1386,50.846973586,141.640615737,406.158754806
1387,49.911336525,147.301007988,406.106563214
1388,48.6872140326,152.703682498,406.006957095
1389,47.199818659,157.811316255,405.865671734
1390,45.4761145603,162.605652357,405.689808418
1391,43.5431116952,167.084391113,405.487685594
1392,41.4266410947,171.257232996,405.268664917
1393,39.1506030571,175.142001301,405.042955234
1394,36.7366037126,178.761362615,404.821397955
1395,34.2038713474,182.140328392,404.615237668
1396,31.5693520542,185.304508273,404.435882228
1397,28.847906121,188.278987447,404.294656787
1398,26.052550257,191.087675897,404.202556495
1399,23.1947107697,193.752991131,404.17000268
1400,20.2844676189,196.295763829,404.206607378
1401,17.3307793067,198.735284844,404.320950994
1402,14.3416849026,201.089437985,404.520377708
1403,11.3244832576,203.374878694,404.810812923
1404,8.2858915321,205.607238412,405.196606687
1405,5.23218619656,207.801338177,405.6804065
1406,2.16933010845,209.971404914,406.263062313
1407,-0.896910603512,212.131286841,406.943565899
1408,-3.96085612799,214.294667118,407.719025991
1409,-7.01680536409,216.475276281,408.584679858
1410,-10.0589274881,218.687104522,409.533941186
1411,-13.0811490681,220.944614695,410.558483363
1412,-16.0770330792,223.26295574,411.648356493
1413,-19.0396461614,225.65817544,412.79213581
1414,-21.9614105393,228.147424591,413.977098494
1415,-24.8339373174,230.749145379,415.189425362
1416,-27.6478385999,233.483223062,416.41442347
1417,-30.392517407,236.371072133,417.636765298
1418,-33.0559371912,239.435610933,418.84073997
1419,-35.6243776566,242.701057387,420.010511823
1420,-38.0821915055,246.192452252,421.130381607
1421,-40.4115887704,249.934788254,422.185045681
1422,-42.5924922921,253.951602594,423.159848694
1423,-44.6025292285,258.262894123,424.041025492
1424,-46.4172459755,262.88228396,424.815928255
1425,-48.0106493084,267.813488209,425.473235218
1426,-49.3561701699,-86.9535639555,426.003137709
1427,-50.4280990131,-81.4462588243,426.397502613
1428,-51.2034383707,-75.7114169939,426.650007834
1429,-51.6639673116,-69.8148315438,426.756248738
1430,-51.7981609658,-63.8374391019,426.713814003
1431,-51.6025373998,-57.8682747484,426.522329779
1432,-51.0820844369,-51.9955296282,426.183471478
1433,-50.2496489373,-46.297811779,425.700943006
1434,-49.1244557837,-40.8376240777,425.080423671
1435,-47.730131087,-35.6581740459,424.329483484
1436,-46.0926541827,-30.7834615807,423.457468016
1437,-44.2385709889,-26.2207462354,422.47535442
1438,-42.1936445282,-21.9642104392,421.395580709
1439,-39.9819739015,-17.998816937,420.231850794
1440,-37.6255202864,-14.3037262081,418.998918235
