T since,X,Y,Z,Radius,,,SGP4 Test
0,637813500,637813500,-nan(ind),-nan(ind),,,1 25544U 98067A   16276.51267453  .00005824  00000-0  95509-4 0  9996
1,637813500,637813500,-nan(ind),-nan(ind),,,2 25544  51.6438 242.6726 0006624  30.4136  75.0493 15.54017269 21688
2,637813500,637813500,-nan(ind),-nan(ind),,,Singapore UTC+8:,,2/10/16 20:18:15
3,637813500,637813500,-nan(ind),-nan(ind)
4,637813500,637813500,-nan(ind),-nan(ind)
5,637813500,637813500,3301.33362619,902004501.971
6,637813500,637813500,4604.21079037,902004501.976
7,637813500,637813500,5064.1174948,902004501.979
8,637813500,637813500,5269.69350305,902004501.98
9,637813500,637813500,5316.1204398,902004501.98
10,637813500,637813500,5240.88011068,902004501.98
11,637813500,637813500,5062.76626785,902004501.979
12,637813500,637813500,4792.14005559,902004501.977
13,637813500,637813500,4434.55524094,902004501.976
14,637813500,637813500,3992.06712435,902004501.973
15,637813500,637813500,3463.33861788,902004501.971
16,637813500,637813500,2842.62800429,902004501.969
17,637813500,637813500,2116.84734385,902004501.967
18,637813500,637813500,1257.51690668,902004501.966
19,637813500,637813500,192.872025039,902004501.965
20,637813500,637813500,-1388.22679813,902004501.966
21,637813500,637813500,-nan(ind),-nan(ind)
22,637813500,637813500,-nan(ind),-nan(ind)
23,637813500,637813500,-nan(ind),-nan(ind)
24,637813500,637813500,-nan(ind),-nan(ind)
25,637813500,637813500,-nan(ind),-nan(ind)
26,637813500,637813500,-nan(ind),-nan(ind)
27,637813500,637813500,-nan(ind),-nan(ind)
28,637813500,637813500,-nan(ind),-nan(ind)
29,637813500,637813500,-nan(ind),-nan(ind)
30,637813500,637813500,-nan(ind),-nan(ind)
31,637813500,637813500,-nan(ind),-nan(ind)
32,637813500,637813500,-nan(ind),-nan(ind)
33,637813500,637813500,-nan(ind),-nan(ind)
34,637813500,637813500,-nan(ind),-nan(ind)
35,637813500,637813500,-nan(ind),-nan(ind)
36,637813500,637813500,-nan(ind),-nan(ind)
37,637813500,637813500,-nan(ind),-nan(ind)
38,637813500,637813500,-nan(ind),-nan(ind)
39,637813500,637813500,-nan(ind),-nan(ind)
40,637813500,637813500,-nan(ind),-nan(ind)
41,637813500,637813500,-nan(ind),-nan(ind)
42,637813500,637813500,-nan(ind),-nan(ind)
43,637813500,637813500,-nan(ind),-nan(ind)
44,637813500,637813500,-nan(ind),-nan(ind)
45,637813500,637813500,-nan(ind),-nan(ind)
46,637813500,637813500,-nan(ind),-nan(ind)
47,637813500,637813500,-nan(ind),-nan(ind)
48,637813500,637813500,-nan(ind),-nan(ind)
49,637813500,637813500,-nan(ind),-nan(ind)
50,637813500,637813500,-nan(ind),-nan(ind)
51,637813500,637813500,-nan(ind),-nan(ind)
52,637813500,637813500,-596.032337385,902004501.965
53,637813500,637813500,675.857016294,902004501.965
54,637813500,637813500,1637.57190458,902004501.966
55,637813500,637813500,2434.49230599,902004501.968
56,637813500,637813500,3113.30088397,902004501.97
57,637813500,637813500,3694.2097366,902004501.972
58,637813500,637813500,4186.5562543,902004501.974
59,637813500,637813500,4593.94091367,902004501.976
60,637813500,637813500,4916.15094396,902004501.978
61,637813500,637813500,5149.65185223,902004501.979
62,637813500,637813500,5287.0137274,902004501.98
63,637813500,637813500,5314.82577147,902004501.98
64,637813500,637813500,5208.09642513,902004501.98
65,637813500,637813500,4912.82900031,902004501.978
66,637813500,637813500,4260.00255544,902004501.975
67,637813500,637813500,-nan(ind),-nan(ind)
68,637813500,637813500,-nan(ind),-nan(ind)
69,637813500,637813500,-nan(ind),-nan(ind)
70,637813500,637813500,-nan(ind),-nan(ind)
71,637813500,637813500,-nan(ind),-nan(ind)
72,637813500,637813500,-nan(ind),-nan(ind)
73,637813500,637813500,-nan(ind),-nan(ind)
74,637813500,637813500,-nan(ind),-nan(ind)
75,637813500,637813500,-nan(ind),-nan(ind)
76,637813500,637813500,-nan(ind),-nan(ind)
77,637813500,637813500,-nan(ind),-nan(ind)
78,637813500,637813500,-nan(ind),-nan(ind)
79,637813500,637813500,-nan(ind),-nan(ind)
80,637813500,637813500,-nan(ind),-nan(ind)
81,637813500,637813500,-nan(ind),-nan(ind)
82,637813500,637813500,-nan(ind),-nan(ind)
83,637813500,637813500,-nan(ind),-nan(ind)
84,637813500,637813500,-nan(ind),-nan(ind)
85,637813500,637813500,-nan(ind),-nan(ind)
86,637813500,637813500,-nan(ind),-nan(ind)
87,637813500,637813500,-nan(ind),-nan(ind)
88,637813500,637813500,-nan(ind),-nan(ind)
89,637813500,637813500,-nan(ind),-nan(ind)
90,637813500,637813500,-nan(ind),-nan(ind)
91,637813500,637813500,-nan(ind),-nan(ind)
92,637813500,637813500,-nan(ind),-nan(ind)
93,637813500,637813500,-nan(ind),-nan(ind)
94,637813500,637813500,-nan(ind),-nan(ind)
95,637813500,637813500,-nan(ind),-nan(ind)
96,637813500,637813500,-nan(ind),-nan(ind)
97,637813500,637813500,-nan(ind),-nan(ind)
98,637813500,637813500,4036.75982027,902004501.974
99,637813500,637813500,4822.95568215,902004501.978
100,637813500,637813500,5167.06492472,902004501.979
101,637813500,637813500,5304.27328086,902004501.98
102,637813500,637813500,5299.47311974,902004501.98
103,637813500,637813500,5181.27951474,902004501.98
104,637813500,637813500,4964.73672128,902004501.978
105,637813500,637813500,4658.19494915,902004501.977
106,637813500,637813500,4265.84771635,902004501.975
107,637813500,637813500,3788.53796246,902004501.973
108,637813500,637813500,3223.47492802,902004501.97
109,637813500,637813500,2562.65533011,902004501.968
110,637813500,637813500,1788.60287849,902004501.966
111,637813500,637813500,861.971731688,902004501.965
112,637813500,637813500,-329.619379516,902004501.965
113,637813500,637813500,-nan(ind),-nan(ind)
114,637813500,637813500,-nan(ind),-nan(ind)
115,637813500,637813500,-nan(ind),-nan(ind)
116,637813500,637813500,-nan(ind),-nan(ind)
117,637813500,637813500,-nan(ind),-nan(ind)
118,637813500,637813500,-nan(ind),-nan(ind)
119,637813500,637813500,-nan(ind),-nan(ind)
120,637813500,637813500,-nan(ind),-nan(ind)
121,637813500,637813500,-nan(ind),-nan(ind)
122,637813500,637813500,-nan(ind),-nan(ind)
123,637813500,637813500,-nan(ind),-nan(ind)
124,637813500,637813500,-nan(ind),-nan(ind)
125,637813500,637813500,-nan(ind),-nan(ind)
126,637813500,637813500,-nan(ind),-nan(ind)
127,637813500,637813500,-nan(ind),-nan(ind)
128,637813500,637813500,-nan(ind),-nan(ind)
129,637813500,637813500,-nan(ind),-nan(ind)
130,637813500,637813500,-nan(ind),-nan(ind)
131,637813500,637813500,-nan(ind),-nan(ind)
132,637813500,637813500,-nan(ind),-nan(ind)
133,637813500,637813500,-nan(ind),-nan(ind)
134,637813500,637813500,-nan(ind),-nan(ind)
135,637813500,637813500,-nan(ind),-nan(ind)
136,637813500,637813500,-nan(ind),-nan(ind)
137,637813500,637813500,-nan(ind),-nan(ind)
138,637813500,637813500,-nan(ind),-nan(ind)
139,637813500,637813500,-nan(ind),-nan(ind)
140,637813500,637813500,-nan(ind),-nan(ind)
141,637813500,637813500,-nan(ind),-nan(ind)
142,637813500,637813500,-nan(ind),-nan(ind)
143,637813500,637813500,-nan(ind),-nan(ind)
144,637813500,637813500,-2014.72717764,902004501.967
145,637813500,637813500,-97.3695317134,902004501.965
146,637813500,637813500,1030.51594123,902004501.965
147,637813500,637813500,1925.49972918,902004501.967
148,637813500,637813500,2677.96508124,902004501.969
149,637813500,637813500,3321.64915343,902004501.971
150,637813500,637813500,3871.8004426,902004501.973
151,637813500,637813500,4335.27537493,902004501.975
152,637813500,637813500,4714.121773,902004501.977
153,637813500,637813500,5006.87438026,902004501.979
154,637813500,637813500,5208.64989025,902004501.98
155,637813500,637813500,5310.10589448,902004501.98
156,637813500,637813500,5294.40772323,902004501.98
157,637813500,637813500,5128.85535389,902004501.979
158,637813500,637813500,4735.35753634,902004501.977
159,637813500,637813500,3769.81743905,902004501.973
160,637813500,637813500,-nan(ind),-nan(ind)
161,637813500,637813500,-nan(ind),-nan(ind)
162,637813500,637813500,-nan(ind),-nan(ind)
163,637813500,637813500,-nan(ind),-nan(ind)
164,637813500,637813500,-nan(ind),-nan(ind)
165,637813500,637813500,-nan(ind),-nan(ind)
166,637813500,637813500,-nan(ind),-nan(ind)
167,637813500,637813500,-nan(ind),-nan(ind)
168,637813500,637813500,-nan(ind),-nan(ind)
169,637813500,637813500,-nan(ind),-nan(ind)
170,637813500,637813500,-nan(ind),-nan(ind)
171,637813500,637813500,-nan(ind),-nan(ind)
172,637813500,637813500,-nan(ind),-nan(ind)
173,637813500,637813500,-nan(ind),-nan(ind)
174,637813500,637813500,-nan(ind),-nan(ind)
175,637813500,637813500,-nan(ind),-nan(ind)
176,637813500,637813500,-nan(ind),-nan(ind)
177,637813500,637813500,-nan(ind),-nan(ind)
178,637813500,637813500,-nan(ind),-nan(ind)
179,637813500,637813500,-nan(ind),-nan(ind)
180,637813500,637813500,-nan(ind),-nan(ind)
181,637813500,637813500,-nan(ind),-nan(ind)
182,637813500,637813500,-nan(ind),-nan(ind)
183,637813500,637813500,-nan(ind),-nan(ind)
184,637813500,637813500,-nan(ind),-nan(ind)
185,637813500,637813500,-nan(ind),-nan(ind)
186,637813500,637813500,-nan(ind),-nan(ind)
187,637813500,637813500,-nan(ind),-nan(ind)
188,637813500,637813500,-nan(ind),-nan(ind)
189,637813500,637813500,-nan(ind),-nan(ind)
190,637813500,637813500,-nan(ind),-nan(ind)
191,637813500,637813500,4426.26508082,902004501.976
192,637813500,637813500,4987.95581129,902004501.978
193,637813500,637813500,5240.54034921,902004501.98
194,637813500,637813500,5317.30627046,902004501.98
195,637813500,637813500,5264.9273616,902004501.98
196,637813500,637813500,5105.74045267,902004501.979
197,637813500,637813500,4851.87638612,902004501.978
198,637813500,637813500,4509.98939038,902004501.976
199,637813500,637813500,4083.00950342,902004501.974
200,637813500,637813500,3570.52087851,902004501.972
201,637813500,637813500,2968.0583885,902004501.97
202,637813500,637813500,2264.78008612,902004501.967
203,637813500,637813500,1437.21222227,902004501.966
204,637813500,637813500,429.203706902,902004501.965
205,637813500,637813500,-956.31649175,902004501.965
206,637813500,637813500,-nan(ind),-nan(ind)
207,637813500,637813500,-nan(ind),-nan(ind)
208,637813500,637813500,-nan(ind),-nan(ind)
209,637813500,637813500,-nan(ind),-nan(ind)
210,637813500,637813500,-nan(ind),-nan(ind)
211,637813500,637813500,-nan(ind),-nan(ind)
212,637813500,637813500,-nan(ind),-nan(ind)
213,637813500,637813500,-nan(ind),-nan(ind)
214,637813500,637813500,-nan(ind),-nan(ind)
215,637813500,637813500,-nan(ind),-nan(ind)
216,637813500,637813500,-nan(ind),-nan(ind)
217,637813500,637813500,-nan(ind),-nan(ind)
218,637813500,637813500,-nan(ind),-nan(ind)
219,637813500,637813500,-nan(ind),-nan(ind)
220,637813500,637813500,-nan(ind),-nan(ind)
221,637813500,637813500,-nan(ind),-nan(ind)
222,637813500,637813500,-nan(ind),-nan(ind)
223,637813500,637813500,-nan(ind),-nan(ind)
224,637813500,637813500,-nan(ind),-nan(ind)
225,637813500,637813500,-nan(ind),-nan(ind)
226,637813500,637813500,-nan(ind),-nan(ind)
227,637813500,637813500,-nan(ind),-nan(ind)
228,637813500,637813500,-nan(ind),-nan(ind)
229,637813500,637813500,-nan(ind),-nan(ind)
230,637813500,637813500,-nan(ind),-nan(ind)
231,637813500,637813500,-nan(ind),-nan(ind)
232,637813500,637813500,-nan(ind),-nan(ind)
233,637813500,637813500,-nan(ind),-nan(ind)
234,637813500,637813500,-nan(ind),-nan(ind)
235,637813500,637813500,-nan(ind),-nan(ind)
236,637813500,637813500,-nan(ind),-nan(ind)
237,637813500,637813500,-1108.81505342,902004501.965
238,637813500,637813500,331.027057133,902004501.965
239,637813500,637813500,1357.38588389,902004501.966
240,637813500,637813500,2196.38056801,902004501.967
241,637813500,637813500,2908.68486806,902004501.969
242,637813500,637813500,3519.24706993,902004501.972
243,637813500,637813500,4039.56047019,902004501.974
244,637813500,637813500,4474.44384737,902004501.976
245,637813500,637813500,4824.55192416,902004501.978
246,637813500,637813500,5087.17099116,902004501.979
247,637813500,637813500,5255.92092717,902004501.98
248,637813500,637813500,5319.13221608,902004501.98
249,637813500,637813500,5255.44047501,902004501.98
250,637813500,637813500,5020.82085634,902004501.979
251,637813500,637813500,4493.79369623,902004501.976
252,637813500,637813500,-nan(ind),-nan(ind)
253,637813500,637813500,-nan(ind),-nan(ind)
254,637813500,637813500,-nan(ind),-nan(ind)
255,637813500,637813500,-nan(ind),-nan(ind)
256,637813500,637813500,-nan(ind),-nan(ind)
257,637813500,637813500,-nan(ind),-nan(ind)
258,637813500,637813500,-nan(ind),-nan(ind)
259,637813500,637813500,-nan(ind),-nan(ind)
260,637813500,637813500,-nan(ind),-nan(ind)
261,637813500,637813500,-nan(ind),-nan(ind)
262,637813500,637813500,-nan(ind),-nan(ind)
263,637813500,637813500,-nan(ind),-nan(ind)
264,637813500,637813500,-nan(ind),-nan(ind)
265,637813500,637813500,-nan(ind),-nan(ind)
266,637813500,637813500,-nan(ind),-nan(ind)
267,637813500,637813500,-nan(ind),-nan(ind)
268,637813500,637813500,-nan(ind),-nan(ind)
269,637813500,637813500,-nan(ind),-nan(ind)
270,637813500,637813500,-nan(ind),-nan(ind)
271,637813500,637813500,-nan(ind),-nan(ind)
272,637813500,637813500,-nan(ind),-nan(ind)
273,637813500,637813500,-nan(ind),-nan(ind)
274,637813500,637813500,-nan(ind),-nan(ind)
275,637813500,637813500,-nan(ind),-nan(ind)
276,637813500,637813500,-nan(ind),-nan(ind)
277,637813500,637813500,-nan(ind),-nan(ind)
278,637813500,637813500,-nan(ind),-nan(ind)
279,637813500,637813500,-nan(ind),-nan(ind)
280,637813500,637813500,-nan(ind),-nan(ind)
281,637813500,637813500,-nan(ind),-nan(ind)
282,637813500,637813500,-nan(ind),-nan(ind)
283,637813500,637813500,3606.47576837,902004501.972
284,637813500,637813500,4695.95123565,902004501.977
285,637813500,637813500,5112.01850046,902004501.979
286,637813500,637813500,5288.25945703,902004501.98
287,637813500,637813500,5310.40771705,902004501.98
288,637813500,637813500,5213.32795134,902004501.98
289,637813500,637813500,5014.74176931,902004501.979
290,637813500,637813500,4724.44860416,902004501.977
291,637813500,637813500,4347.6240528,902004501.975
292,637813500,637813500,3885.97594309,902004501.973
293,637813500,637813500,3337.72694765,902004501.971
294,637813500,637813500,2696.41663236,902004501.969
295,637813500,637813500,1947.5284119,902004501.967
296,637813500,637813500,1059.06278475,902004501.965
297,637813500,637813500,-53.1751791151,902004501.965
298,637813500,637813500,-1843.96218136,902004501.967
299,637813500,637813500,-nan(ind),-nan(ind)
300,637813500,637813500,-nan(ind),-nan(ind)
301,637813500,637813500,-nan(ind),-nan(ind)
302,637813500,637813500,-nan(ind),-nan(ind)
303,637813500,637813500,-nan(ind),-nan(ind)
304,637813500,637813500,-nan(ind),-nan(ind)
305,637813500,637813500,-nan(ind),-nan(ind)
306,637813500,637813500,-nan(ind),-nan(ind)
307,637813500,637813500,-nan(ind),-nan(ind)
308,637813500,637813500,-nan(ind),-nan(ind)
309,637813500,637813500,-nan(ind),-nan(ind)
310,637813500,637813500,-nan(ind),-nan(ind)
311,637813500,637813500,-nan(ind),-nan(ind)
312,637813500,637813500,-nan(ind),-nan(ind)
313,637813500,637813500,-nan(ind),-nan(ind)
314,637813500,637813500,-nan(ind),-nan(ind)
315,637813500,637813500,-nan(ind),-nan(ind)
316,637813500,637813500,-nan(ind),-nan(ind)
317,637813500,637813500,-nan(ind),-nan(ind)
318,637813500,637813500,-nan(ind),-nan(ind)
319,637813500,637813500,-nan(ind),-nan(ind)
320,637813500,637813500,-nan(ind),-nan(ind)
321,637813500,637813500,-nan(ind),-nan(ind)
322,637813500,637813500,-nan(ind),-nan(ind)
323,637813500,637813500,-nan(ind),-nan(ind)
324,637813500,637813500,-nan(ind),-nan(ind)
325,637813500,637813500,-nan(ind),-nan(ind)
326,637813500,637813500,-nan(ind),-nan(ind)
327,637813500,637813500,-nan(ind),-nan(ind)
328,637813500,637813500,-nan(ind),-nan(ind)
329,637813500,637813500,-nan(ind),-nan(ind)
330,637813500,637813500,-520.179589659,902004501.965
331,637813500,637813500,713.41993939,902004501.965
332,637813500,637813500,1661.72471512,902004501.966
333,637813500,637813500,2452.19410864,902004501.968
334,637813500,637813500,3127.55982117,902004501.97
335,637813500,637813500,3706.52519874,902004501.972
336,637813500,637813500,4197.65378742,902004501.974
337,637813500,637813500,4604.03871265,902004501.976
338,637813500,637813500,4925.03728365,902004501.978
339,637813500,637813500,5156.63922725,902004501.979
340,637813500,637813500,5290.74147334,902004501.98
341,637813500,637813500,5312.75223875,902004501.98
342,637813500,637813500,5195.10043988,902004501.98
343,637813500,637813500,4876.13421465,902004501.978
344,637813500,637813500,4141.75845689,902004501.974
345,637813500,637813500,-nan(ind),-nan(ind)
346,637813500,637813500,-nan(ind),-nan(ind)
347,637813500,637813500,-nan(ind),-nan(ind)
348,637813500,637813500,-nan(ind),-nan(ind)
349,637813500,637813500,-nan(ind),-nan(ind)
350,637813500,637813500,-nan(ind),-nan(ind)
351,637813500,637813500,-nan(ind),-nan(ind)
352,637813500,637813500,-nan(ind),-nan(ind)
353,637813500,637813500,-nan(ind),-nan(ind)
354,637813500,637813500,-nan(ind),-nan(ind)
355,637813500,637813500,-nan(ind),-nan(ind)
356,637813500,637813500,-nan(ind),-nan(ind)
357,637813500,637813500,-nan(ind),-nan(ind)
358,637813500,637813500,-nan(ind),-nan(ind)
359,637813500,637813500,-nan(ind),-nan(ind)
360,637813500,637813500,-nan(ind),-nan(ind)
361,637813500,637813500,-nan(ind),-nan(ind)
362,637813500,637813500,-nan(ind),-nan(ind)
363,637813500,637813500,-nan(ind),-nan(ind)
364,637813500,637813500,-nan(ind),-nan(ind)
365,637813500,637813500,-nan(ind),-nan(ind)
366,637813500,637813500,-nan(ind),-nan(ind)
367,637813500,637813500,-nan(ind),-nan(ind)
368,637813500,637813500,-nan(ind),-nan(ind)
369,637813500,637813500,-nan(ind),-nan(ind)
370,637813500,637813500,-nan(ind),-nan(ind)
371,637813500,637813500,-nan(ind),-nan(ind)
372,637813500,637813500,-nan(ind),-nan(ind)
373,637813500,637813500,-nan(ind),-nan(ind)
374,637813500,637813500,-nan(ind),-nan(ind)
375,637813500,637813500,-nan(ind),-nan(ind)
376,637813500,637813500,4189.79215569,902004501.974
377,637813500,637813500,4895.03782732,902004501.978
378,637813500,637813500,5202.73128562,902004501.98
379,637813500,637813500,5312.88598124,902004501.98
380,637813500,637813500,5284.83626366,902004501.98
381,637813500,637813500,5145.3604841,902004501.979
382,637813500,637813500,4908.67459877,902004501.978
383,637813500,637813500,4582.65572523,902004501.976
384,637813500,637813500,4171.14280653,902004501.974
385,637813500,637813500,3674.61064562,902004501.972
386,637813500,637813500,3089.75127869,902004501.97
387,637813500,637813500,2407.6492379,902004501.968
388,637813500,637813500,1608.8745548,902004501.966
389,637813500,637813500,648.711181084,902004501.965
390,637813500,637813500,-609.500639202,902004501.965
391,637813500,637813500,-nan(ind),-nan(ind)
392,637813500,637813500,-nan(ind),-nan(ind)
393,637813500,637813500,-nan(ind),-nan(ind)
394,637813500,637813500,-nan(ind),-nan(ind)
395,637813500,637813500,-nan(ind),-nan(ind)
396,637813500,637813500,-nan(ind),-nan(ind)
397,637813500,637813500,-nan(ind),-nan(ind)
398,637813500,637813500,-nan(ind),-nan(ind)
399,637813500,637813500,-nan(ind),-nan(ind)
400,637813500,637813500,-nan(ind),-nan(ind)
401,637813500,637813500,-nan(ind),-nan(ind)
402,637813500,637813500,-nan(ind),-nan(ind)
403,637813500,637813500,-nan(ind),-nan(ind)
404,637813500,637813500,-nan(ind),-nan(ind)
405,637813500,637813500,-nan(ind),-nan(ind)
406,637813500,637813500,-nan(ind),-nan(ind)
407,637813500,637813500,-nan(ind),-nan(ind)
408,637813500,637813500,-nan(ind),-nan(ind)
409,637813500,637813500,-nan(ind),-nan(ind)
410,637813500,637813500,-nan(ind),-nan(ind)
411,637813500,637813500,-nan(ind),-nan(ind)
412,637813500,637813500,-nan(ind),-nan(ind)
413,637813500,637813500,-nan(ind),-nan(ind)
414,637813500,637813500,-nan(ind),-nan(ind)
415,637813500,637813500,-nan(ind),-nan(ind)
416,637813500,637813500,-nan(ind),-nan(ind)
417,637813500,637813500,-nan(ind),-nan(ind)
418,637813500,637813500,-nan(ind),-nan(ind)
419,637813500,637813500,-nan(ind),-nan(ind)
420,637813500,637813500,-nan(ind),-nan(ind)
421,637813500,637813500,-nan(ind),-nan(ind)
422,637813500,637813500,-1777.10062051,902004501.966
423,637813500,637813500,-41.1264225187,902004501.965
424,637813500,637813500,1062.24686572,902004501.965
425,637813500,637813500,1947.08569339,902004501.967
426,637813500,637813500,2694.41164844,902004501.969
427,637813500,637813500,3335.285111,902004501.971
428,637813500,637813500,3883.80167888,902004501.973
429,637813500,637813500,4346.17047312,902004501.975
430,637813500,637813500,4723.97439666,902004501.977
431,637813500,637813500,5015.31356535,902004501.979
432,637813500,637813500,5214.7758706,902004501.98
433,637813500,637813500,5312.20585326,902004501.98
434,637813500,637813500,5289.22441734,902004501.98
435,637813500,637813500,5109.40459555,902004501.979
436,637813500,637813500,4681.40156439,902004501.977
437,637813500,637813500,3484.61323393,902004501.971
438,637813500,637813500,-nan(ind),-nan(ind)
439,637813500,637813500,-nan(ind),-nan(ind)
440,637813500,637813500,-nan(ind),-nan(ind)
441,637813500,637813500,-nan(ind),-nan(ind)
442,637813500,637813500,-nan(ind),-nan(ind)
443,637813500,637813500,-nan(ind),-nan(ind)
444,637813500,637813500,-nan(ind),-nan(ind)
445,637813500,637813500,-nan(ind),-nan(ind)
446,637813500,637813500,-nan(ind),-nan(ind)
447,637813500,637813500,-nan(ind),-nan(ind)
448,637813500,637813500,-nan(ind),-nan(ind)
449,637813500,637813500,-nan(ind),-nan(ind)
450,637813500,637813500,-nan(ind),-nan(ind)
451,637813500,637813500,-nan(ind),-nan(ind)
452,637813500,637813500,-nan(ind),-nan(ind)
453,637813500,637813500,-nan(ind),-nan(ind)
454,637813500,637813500,-nan(ind),-nan(ind)
455,637813500,637813500,-nan(ind),-nan(ind)
456,637813500,637813500,-nan(ind),-nan(ind)
457,637813500,637813500,-nan(ind),-nan(ind)
458,637813500,637813500,-nan(ind),-nan(ind)
459,637813500,637813500,-nan(ind),-nan(ind)
460,637813500,637813500,-nan(ind),-nan(ind)
461,637813500,637813500,-nan(ind),-nan(ind)
462,637813500,637813500,-nan(ind),-nan(ind)
463,637813500,637813500,-nan(ind),-nan(ind)
464,637813500,637813500,-nan(ind),-nan(ind)
465,637813500,637813500,-nan(ind),-nan(ind)
466,637813500,637813500,-nan(ind),-nan(ind)
467,637813500,637813500,-nan(ind),-nan(ind)
468,637813500,637813500,-nan(ind),-nan(ind)
469,637813500,637813500,4536.39761252,902004501.976
470,637813500,637813500,5044.32564473,902004501.979
471,637813500,637813500,5265.0214456,902004501.98
472,637813500,637813500,5316.4022154,902004501.98
473,637813500,637813500,5241.59133107,902004501.98
474,637813500,637813500,5061.58532747,902004501.979
475,637813500,637813500,4787.85536884,902004501.977
476,637813500,637813500,4426.64259652,902004501.976
477,637813500,637813500,3980.52936818,902004501.973
478,637813500,637813500,3448.6932234,902004501.971
479,637813500,637813500,2826.04228693,902004501.969
480,637813500,637813500,2100.54531136,902004501.967
481,637813500,637813500,1245.96195669,902004501.966
482,637813500,637813500,197.386808502,902004501.965
483,637813500,637813500,-1302.62089672,902004501.966
484,637813500,637813500,-nan(ind),-nan(ind)
485,637813500,637813500,-nan(ind),-nan(ind)
486,637813500,637813500,-nan(ind),-nan(ind)
487,637813500,637813500,-nan(ind),-nan(ind)
488,637813500,637813500,-nan(ind),-nan(ind)
489,637813500,637813500,-nan(ind),-nan(ind)
490,637813500,637813500,-nan(ind),-nan(ind)
491,637813500,637813500,-nan(ind),-nan(ind)
492,637813500,637813500,-nan(ind),-nan(ind)
493,637813500,637813500,-nan(ind),-nan(ind)
494,637813500,637813500,-nan(ind),-nan(ind)
495,637813500,637813500,-nan(ind),-nan(ind)
496,637813500,637813500,-nan(ind),-nan(ind)
497,637813500,637813500,-nan(ind),-nan(ind)
498,637813500,637813500,-nan(ind),-nan(ind)
499,637813500,637813500,-nan(ind),-nan(ind)
500,637813500,637813500,-nan(ind),-nan(ind)
501,637813500,637813500,-nan(ind),-nan(ind)
502,637813500,637813500,-nan(ind),-nan(ind)
503,637813500,637813500,-nan(ind),-nan(ind)
504,637813500,637813500,-nan(ind),-nan(ind)
505,637813500,637813500,-nan(ind),-nan(ind)
506,637813500,637813500,-nan(ind),-nan(ind)
507,637813500,637813500,-nan(ind),-nan(ind)
508,637813500,637813500,-nan(ind),-nan(ind)
509,637813500,637813500,-nan(ind),-nan(ind)
510,637813500,637813500,-nan(ind),-nan(ind)
511,637813500,637813500,-nan(ind),-nan(ind)
512,637813500,637813500,-nan(ind),-nan(ind)
513,637813500,637813500,-nan(ind),-nan(ind)
514,637813500,637813500,-nan(ind),-nan(ind)
515,637813500,637813500,-1003.60736757,902004501.965
516,637813500,637813500,375.663276613,902004501.965
517,637813500,637813500,1384.85720216,902004501.966
518,637813500,637813500,2215.98060738,902004501.967
519,637813500,637813500,2924.1450357,902004501.969
520,637813500,637813500,3532.39108021,902004501.972
521,637813500,637813500,4051.30056343,902004501.974
522,637813500,637813500,4485.13304308,902004501.976
523,637813500,637813500,4834.10185579,902004501.978
524,637813500,637813500,5095.03779672,902004501.979
525,637813500,637813500,5260.95373997,902004501.98
526,637813500,637813500,5319.16874794,902004501.98
527,637813500,637813500,5246.22950336,902004501.98
528,637813500,637813500,4992.4317586,902004501.978
529,637813500,637813500,4410.01822781,902004501.975
530,637813500,637813500,-nan(ind),-nan(ind)
531,637813500,637813500,-nan(ind),-nan(ind)
532,637813500,637813500,-nan(ind),-nan(ind)
533,637813500,637813500,-nan(ind),-nan(ind)
534,637813500,637813500,-nan(ind),-nan(ind)
535,637813500,637813500,-nan(ind),-nan(ind)
536,637813500,637813500,-nan(ind),-nan(ind)
537,637813500,637813500,-nan(ind),-nan(ind)
538,637813500,637813500,-nan(ind),-nan(ind)
539,637813500,637813500,-nan(ind),-nan(ind)
540,637813500,637813500,-nan(ind),-nan(ind)
541,637813500,637813500,-nan(ind),-nan(ind)
542,637813500,637813500,-nan(ind),-nan(ind)
543,637813500,637813500,-nan(ind),-nan(ind)
544,637813500,637813500,-nan(ind),-nan(ind)
545,637813500,637813500,-nan(ind),-nan(ind)
546,637813500,637813500,-nan(ind),-nan(ind)
547,637813500,637813500,-nan(ind),-nan(ind)
548,637813500,637813500,-nan(ind),-nan(ind)
549,637813500,637813500,-nan(ind),-nan(ind)
550,637813500,637813500,-nan(ind),-nan(ind)
551,637813500,637813500,-nan(ind),-nan(ind)
552,637813500,637813500,-nan(ind),-nan(ind)
553,637813500,637813500,-nan(ind),-nan(ind)
554,637813500,637813500,-nan(ind),-nan(ind)
555,637813500,637813500,-nan(ind),-nan(ind)
556,637813500,637813500,-nan(ind),-nan(ind)
557,637813500,637813500,-nan(ind),-nan(ind)
558,637813500,637813500,-nan(ind),-nan(ind)
559,637813500,637813500,-nan(ind),-nan(ind)
560,637813500,637813500,-nan(ind),-nan(ind)
561,637813500,637813500,3838.77419671,902004501.973
562,637813500,637813500,4780.75347506,902004501.977
563,637813500,637813500,5154.93124504,902004501.979
564,637813500,637813500,5302.29743565,902004501.98
565,637813500,637813500,5300.32668605,902004501.98
566,637813500,637813500,5181.47805346,902004501.98
567,637813500,637813500,4962.46159278,902004501.978
568,637813500,637813500,4652.53465276,902004501.977
569,637813500,637813500,4256.49747791,902004501.975
570,637813500,637813500,3775.70112015,902004501.973
571,637813500,637813500,3207.90182773,902004501.97
572,637813500,637813500,2545.85777386,902004501.968
573,637813500,637813500,1773.45706983,902004501.966
574,637813500,637813500,854.611539268,902004501.965
575,637813500,637813500,-310.578198323,902004501.965
576,637813500,637813500,-2670.60180526,902004501.969
577,637813500,637813500,-nan(ind),-nan(ind)
578,637813500,637813500,-nan(ind),-nan(ind)
579,637813500,637813500,-nan(ind),-nan(ind)
580,637813500,637813500,-nan(ind),-nan(ind)
581,637813500,637813500,-nan(ind),-nan(ind)
582,637813500,637813500,-nan(ind),-nan(ind)
583,637813500,637813500,-nan(ind),-nan(ind)
584,637813500,637813500,-nan(ind),-nan(ind)
585,637813500,637813500,-nan(ind),-nan(ind)
586,637813500,637813500,-nan(ind),-nan(ind)
587,637813500,637813500,-nan(ind),-nan(ind)
588,637813500,637813500,-nan(ind),-nan(ind)
589,637813500,637813500,-nan(ind),-nan(ind)
590,637813500,637813500,-nan(ind),-nan(ind)
591,637813500,637813500,-nan(ind),-nan(ind)
592,637813500,637813500,-nan(ind),-nan(ind)
593,637813500,637813500,-nan(ind),-nan(ind)
594,637813500,637813500,-nan(ind),-nan(ind)
595,637813500,637813500,-nan(ind),-nan(ind)
596,637813500,637813500,-nan(ind),-nan(ind)
597,637813500,637813500,-nan(ind),-nan(ind)
598,637813500,637813500,-nan(ind),-nan(ind)
599,637813500,637813500,-nan(ind),-nan(ind)
600,637813500,637813500,-nan(ind),-nan(ind)
601,637813500,637813500,-nan(ind),-nan(ind)
602,637813500,637813500,-nan(ind),-nan(ind)
603,637813500,637813500,-nan(ind),-nan(ind)
604,637813500,637813500,-nan(ind),-nan(ind)
605,637813500,637813500,-nan(ind),-nan(ind)
606,637813500,637813500,-nan(ind),-nan(ind)
607,637813500,637813500,-nan(ind),-nan(ind)
608,637813500,637813500,-449.03213011,902004501.965
609,637813500,637813500,750.350889237,902004501.965
610,637813500,637813500,1685.99164585,902004501.966
611,637813500,637813500,2470.24278188,902004501.968
612,637813500,637813500,3142.24259881,902004501.97
613,637813500,637813500,3719.27683224,902004501.972
614,637813500,637813500,4209.16472548,902004501.974
615,637813500,637813500,4614.49991186,902004501.976
616,637813500,637813500,4934.20516664,902004501.978
617,637813500,637813500,5163.7758085,902004501.979
618,637813500,637813500,5294.39011125,902004501.98
619,637813500,637813500,5310.15963327,902004501.98
620,637813500,637813500,5180.57673805,902004501.98
621,637813500,637813500,4834.70241709,902004501.978
622,637813500,637813500,3990.53732244,902004501.973
623,637813500,637813500,-nan(ind),-nan(ind)
624,637813500,637813500,-nan(ind),-nan(ind)
625,637813500,637813500,-nan(ind),-nan(ind)
626,637813500,637813500,-nan(ind),-nan(ind)
627,637813500,637813500,-nan(ind),-nan(ind)
628,637813500,637813500,-nan(ind),-nan(ind)
629,637813500,637813500,-nan(ind),-nan(ind)
630,637813500,637813500,-nan(ind),-nan(ind)
631,637813500,637813500,-nan(ind),-nan(ind)
632,637813500,637813500,-nan(ind),-nan(ind)
633,637813500,637813500,-nan(ind),-nan(ind)
634,637813500,637813500,-nan(ind),-nan(ind)
635,637813500,637813500,-nan(ind),-nan(ind)
636,637813500,637813500,-nan(ind),-nan(ind)
637,637813500,637813500,-nan(ind),-nan(ind)
638,637813500,637813500,-nan(ind),-nan(ind)
639,637813500,637813500,-nan(ind),-nan(ind)
640,637813500,637813500,-nan(ind),-nan(ind)
641,637813500,637813500,-nan(ind),-nan(ind)
642,637813500,637813500,-nan(ind),-nan(ind)
643,637813500,637813500,-nan(ind),-nan(ind)
644,637813500,637813500,-nan(ind),-nan(ind)
645,637813500,637813500,-nan(ind),-nan(ind)
646,637813500,637813500,-nan(ind),-nan(ind)
647,637813500,637813500,-nan(ind),-nan(ind)
648,637813500,637813500,-nan(ind),-nan(ind)
649,637813500,637813500,-nan(ind),-nan(ind)
650,637813500,637813500,-nan(ind),-nan(ind)
651,637813500,637813500,-nan(ind),-nan(ind)
652,637813500,637813500,-nan(ind),-nan(ind)
653,637813500,637813500,-nan(ind),-nan(ind)
654,637813500,637813500,4327.8861616,902004501.975
655,637813500,637813500,4961.25256735,902004501.978
656,637813500,637813500,5233.61663167,902004501.98
657,637813500,637813500,5317.02854918,902004501.98
658,637813500,637813500,5265.84941937,902004501.98
659,637813500,637813500,5105.15179433,902004501.979
660,637813500,637813500,4848.36409414,902004501.978
661,637813500,637813500,4502.90271523,902004501.976
662,637813500,637813500,4072.25045838,902004501.974
663,637813500,637813500,3556.49952784,902004501.972
664,637813500,637813500,2951.78850913,902004501.969
665,637813500,637813500,2248.20084078,902004501.967
666,637813500,637813500,1424.09742193,902004501.966
667,637813500,637813500,428.377714163,902004501.965
668,637813500,637813500,-908.594483564,902004501.965
669,637813500,637813500,-nan(ind),-nan(ind)
670,637813500,637813500,-nan(ind),-nan(ind)
671,637813500,637813500,-nan(ind),-nan(ind)
672,637813500,637813500,-nan(ind),-nan(ind)
673,637813500,637813500,-nan(ind),-nan(ind)
674,637813500,637813500,-nan(ind),-nan(ind)
675,637813500,637813500,-nan(ind),-nan(ind)
676,637813500,637813500,-nan(ind),-nan(ind)
677,637813500,637813500,-nan(ind),-nan(ind)
678,637813500,637813500,-nan(ind),-nan(ind)
679,637813500,637813500,-nan(ind),-nan(ind)
680,637813500,637813500,-nan(ind),-nan(ind)
681,637813500,637813500,-nan(ind),-nan(ind)
682,637813500,637813500,-nan(ind),-nan(ind)
683,637813500,637813500,-nan(ind),-nan(ind)
684,637813500,637813500,-nan(ind),-nan(ind)
685,637813500,637813500,-nan(ind),-nan(ind)
686,637813500,637813500,-nan(ind),-nan(ind)
687,637813500,637813500,-nan(ind),-nan(ind)
688,637813500,637813500,-nan(ind),-nan(ind)
689,637813500,637813500,-nan(ind),-nan(ind)
690,637813500,637813500,-nan(ind),-nan(ind)
691,637813500,637813500,-nan(ind),-nan(ind)
692,637813500,637813500,-nan(ind),-nan(ind)
693,637813500,637813500,-nan(ind),-nan(ind)
694,637813500,637813500,-nan(ind),-nan(ind)
695,637813500,637813500,-nan(ind),-nan(ind)
696,637813500,637813500,-nan(ind),-nan(ind)
697,637813500,637813500,-nan(ind),-nan(ind)
698,637813500,637813500,-nan(ind),-nan(ind)
699,637813500,637813500,-nan(ind),-nan(ind)
700,637813500,637813500,-1600.2141523,902004501.966
701,637813500,637813500,12.8939076435,902004501.965
702,637813500,637813500,1093.71920628,902004501.965
703,637813500,637813500,1968.89373184,902004501.967
704,637813500,637813500,2711.24079816,902004501.969
705,637813500,637813500,3349.35320332,902004501.971
706,637813500,637813500,3896.2339676,902004501.973
707,637813500,637813500,4357.46465169,902004501.975
708,637813500,637813500,4734.16628105,902004501.977
709,637813500,637813500,5023.99524251,902004501.979
710,637813500,637813500,5220.98438055,902004501.98
711,637813500,637813500,5314.10142525,902004501.98
712,637813500,637813500,5283.25092689,902004501.98
713,637813500,637813500,5087.68176503,902004501.979
714,637813500,637813500,4619.23721339,902004501.976
715,637813500,637813500,-nan(ind),-nan(ind)
716,637813500,637813500,-nan(ind),-nan(ind)
717,637813500,637813500,-nan(ind),-nan(ind)
718,637813500,637813500,-nan(ind),-nan(ind)
719,637813500,637813500,-nan(ind),-nan(ind)
720,637813500,637813500,-nan(ind),-nan(ind)
721,637813500,637813500,-nan(ind),-nan(ind)
722,637813500,637813500,-nan(ind),-nan(ind)
723,637813500,637813500,-nan(ind),-nan(ind)
724,637813500,637813500,-nan(ind),-nan(ind)
725,637813500,637813500,-nan(ind),-nan(ind)
726,637813500,637813500,-nan(ind),-nan(ind)
727,637813500,637813500,-nan(ind),-nan(ind)
728,637813500,637813500,-nan(ind),-nan(ind)
729,637813500,637813500,-nan(ind),-nan(ind)
730,637813500,637813500,-nan(ind),-nan(ind)
731,637813500,637813500,-nan(ind),-nan(ind)
732,637813500,637813500,-nan(ind),-nan(ind)
733,637813500,637813500,-nan(ind),-nan(ind)
734,637813500,637813500,-nan(ind),-nan(ind)
735,637813500,637813500,-nan(ind),-nan(ind)
736,637813500,637813500,-nan(ind),-nan(ind)
737,637813500,637813500,-nan(ind),-nan(ind)
738,637813500,637813500,-nan(ind),-nan(ind)
739,637813500,637813500,-nan(ind),-nan(ind)
740,637813500,637813500,-nan(ind),-nan(ind)
741,637813500,637813500,-nan(ind),-nan(ind)
742,637813500,637813500,-nan(ind),-nan(ind)
743,637813500,637813500,-nan(ind),-nan(ind)
744,637813500,637813500,-nan(ind),-nan(ind)
745,637813500,637813500,-nan(ind),-nan(ind)
746,637813500,637813500,-nan(ind),-nan(ind)
747,637813500,637813500,4637.79015803,902004501.977
748,637813500,637813500,5095.3788259,902004501.979
749,637813500,637813500,5284.85219747,902004501.98
750,637813500,637813500,5311.06766437,902004501.98
751,637813500,637813500,5213.91975715,902004501.98
752,637813500,637813500,5013.14926548,902004501.979
753,637813500,637813500,4719.59518308,902004501.977
754,637813500,637813500,4339.09225265,902004501.975
755,637813500,637813500,3873.86923085,902004501.973
756,637813500,637813500,3322.67621168,902004501.971
757,637813500,637813500,2679.74426718,902004501.969
758,637813500,637813500,1931.7236736,902004501.967
759,637813500,637813500,1049.19757188,902004501.965
760,637813500,637813500,-43.4915586604,902004501.965
761,637813500,637813500,-1701.98325146,902004501.966
762,637813500,637813500,-nan(ind),-nan(ind)
763,637813500,637813500,-nan(ind),-nan(ind)
764,637813500,637813500,-nan(ind),-nan(ind)
765,637813500,637813500,-nan(ind),-nan(ind)
766,637813500,637813500,-nan(ind),-nan(ind)
767,637813500,637813500,-nan(ind),-nan(ind)
768,637813500,637813500,-nan(ind),-nan(ind)
769,637813500,637813500,-nan(ind),-nan(ind)
770,637813500,637813500,-nan(ind),-nan(ind)
771,637813500,637813500,-nan(ind),-nan(ind)
772,637813500,637813500,-nan(ind),-nan(ind)
773,637813500,637813500,-nan(ind),-nan(ind)
774,637813500,637813500,-nan(ind),-nan(ind)
775,637813500,637813500,-nan(ind),-nan(ind)
776,637813500,637813500,-nan(ind),-nan(ind)
777,637813500,637813500,-nan(ind),-nan(ind)
778,637813500,637813500,-nan(ind),-nan(ind)
779,637813500,637813500,-nan(ind),-nan(ind)
780,637813500,637813500,-nan(ind),-nan(ind)
781,637813500,637813500,-nan(ind),-nan(ind)
782,637813500,637813500,-nan(ind),-nan(ind)
783,637813500,637813500,-nan(ind),-nan(ind)
784,637813500,637813500,-nan(ind),-nan(ind)
785,637813500,637813500,-nan(ind),-nan(ind)
786,637813500,637813500,-nan(ind),-nan(ind)
787,637813500,637813500,-nan(ind),-nan(ind)
788,637813500,637813500,-nan(ind),-nan(ind)
789,637813500,637813500,-nan(ind),-nan(ind)
790,637813500,637813500,-nan(ind),-nan(ind)
791,637813500,637813500,-nan(ind),-nan(ind)
792,637813500,637813500,-nan(ind),-nan(ind)
793,637813500,637813500,-908.33279141,902004501.965
794,637813500,637813500,419.163825213,902004501.965
795,637813500,637813500,1412.30181645,902004501.966
796,637813500,637813500,2235.8763004,902004501.967
797,637813500,637813500,2940.01154058,902004501.969
798,637813500,637813500,3545.9702233,902004501.972
799,637813500,637813500,4063.46339786,902004501.974
800,637813500,637813500,4496.20395344,902004501.976
801,637813500,637813500,4843.96251536,902004501.978
802,637813500,637813500,5103.10007799,902004501.979
803,637813500,637813500,5265.98597715,902004501.98
804,637813500,637813500,5318.83694996,902004501.98
805,637813500,637813500,5235.84569492,902004501.98
806,637813500,637813500,4960.55373865,902004501.978
807,637813500,637813500,4309.16650725,902004501.975
808,637813500,637813500,-nan(ind),-nan(ind)
809,637813500,637813500,-nan(ind),-nan(ind)
810,637813500,637813500,-nan(ind),-nan(ind)
811,637813500,637813500,-nan(ind),-nan(ind)
812,637813500,637813500,-nan(ind),-nan(ind)
813,637813500,637813500,-nan(ind),-nan(ind)
814,637813500,637813500,-nan(ind),-nan(ind)
815,637813500,637813500,-nan(ind),-nan(ind)
816,637813500,637813500,-nan(ind),-nan(ind)
817,637813500,637813500,-nan(ind),-nan(ind)
818,637813500,637813500,-nan(ind),-nan(ind)
819,637813500,637813500,-nan(ind),-nan(ind)
820,637813500,637813500,-nan(ind),-nan(ind)
821,637813500,637813500,-nan(ind),-nan(ind)
822,637813500,637813500,-nan(ind),-nan(ind)
823,637813500,637813500,-nan(ind),-nan(ind)
824,637813500,637813500,-nan(ind),-nan(ind)
825,637813500,637813500,-nan(ind),-nan(ind)
826,637813500,637813500,-nan(ind),-nan(ind)
827,637813500,637813500,-nan(ind),-nan(ind)
828,637813500,637813500,-nan(ind),-nan(ind)
829,637813500,637813500,-nan(ind),-nan(ind)
830,637813500,637813500,-nan(ind),-nan(ind)
831,637813500,637813500,-nan(ind),-nan(ind)
832,637813500,637813500,-nan(ind),-nan(ind)
833,637813500,637813500,-nan(ind),-nan(ind)
834,637813500,637813500,-nan(ind),-nan(ind)
835,637813500,637813500,-nan(ind),-nan(ind)
836,637813500,637813500,-nan(ind),-nan(ind)
837,637813500,637813500,-nan(ind),-nan(ind)
838,637813500,637813500,-nan(ind),-nan(ind)
839,637813500,637813500,4032.30742338,902004501.974
840,637813500,637813500,4858.84172149,902004501.978
841,637813500,637813500,5192.84266398,902004501.98
842,637813500,637813500,5311.77090827,902004501.98
843,637813500,637813500,5285.84370849,902004501.98
844,637813500,637813500,5145.30534031,902004501.979
845,637813500,637813500,4905.91050941,902004501.978
846,637813500,637813500,4576.3926605,902004501.976
847,637813500,637813500,4161.17856368,902004501.974
848,637813500,637813500,3661.25184226,902004501.972
849,637813500,637813500,3073.87318451,902004501.97
850,637813500,637813500,2390.94871585,902004501.968
851,637813500,637813500,1594.57765525,902004501.966
852,637813500,637813500,643.88500664,902004501.965
853,637813500,637813500,-581.318168399,902004501.965
854,637813500,637813500,-nan(ind),-nan(ind)
855,637813500,637813500,-nan(ind),-nan(ind)
856,637813500,637813500,-nan(ind),-nan(ind)
857,637813500,637813500,-nan(ind),-nan(ind)
858,637813500,637813500,-nan(ind),-nan(ind)
859,637813500,637813500,-nan(ind),-nan(ind)
860,637813500,637813500,-nan(ind),-nan(ind)
861,637813500,637813500,-nan(ind),-nan(ind)
862,637813500,637813500,-nan(ind),-nan(ind)
863,637813500,637813500,-nan(ind),-nan(ind)
864,637813500,637813500,-nan(ind),-nan(ind)
865,637813500,637813500,-nan(ind),-nan(ind)
866,637813500,637813500,-nan(ind),-nan(ind)
867,637813500,637813500,-nan(ind),-nan(ind)
868,637813500,637813500,-nan(ind),-nan(ind)
869,637813500,637813500,-nan(ind),-nan(ind)
870,637813500,637813500,-nan(ind),-nan(ind)
871,637813500,637813500,-nan(ind),-nan(ind)
872,637813500,637813500,-nan(ind),-nan(ind)
873,637813500,637813500,-nan(ind),-nan(ind)
874,637813500,637813500,-nan(ind),-nan(ind)
875,637813500,637813500,-nan(ind),-nan(ind)
876,637813500,637813500,-nan(ind),-nan(ind)
877,637813500,637813500,-nan(ind),-nan(ind)
878,637813500,637813500,-nan(ind),-nan(ind)
879,637813500,637813500,-nan(ind),-nan(ind)
880,637813500,637813500,-nan(ind),-nan(ind)
881,637813500,637813500,-nan(ind),-nan(ind)
882,637813500,637813500,-nan(ind),-nan(ind)
883,637813500,637813500,-nan(ind),-nan(ind)
884,637813500,637813500,-nan(ind),-nan(ind)
885,637813500,637813500,-2785.99073952,902004501.969
886,637813500,637813500,-381.840516353,902004501.965
887,637813500,637813500,786.721186966,902004501.965
888,637813500,637813500,1710.38327038,902004501.966
889,637813500,637813500,2488.63773292,902004501.968
890,637813500,637813500,3157.34670437,902004501.97
891,637813500,637813500,3732.46231943,902004501.972
892,637813500,637813500,4221.08709332,902004501.975
893,637813500,637813500,4625.32208194,902004501.977
894,637813500,637813500,4943.64984834,902004501.978
895,637813500,637813500,5171.05053813,902004501.979
896,637813500,637813500,5297.93279514,902004501.98
897,637813500,637813500,5306.97876003,902004501.98
898,637813500,637813500,5164.31610583,902004501.979
899,637813500,637813500,4787.57354443,902004501.977
900,637813500,637813500,3780.04709364,902004501.973
901,637813500,637813500,-nan(ind),-nan(ind)
902,637813500,637813500,-nan(ind),-nan(ind)
903,637813500,637813500,-nan(ind),-nan(ind)
904,637813500,637813500,-nan(ind),-nan(ind)
905,637813500,637813500,-nan(ind),-nan(ind)
906,637813500,637813500,-nan(ind),-nan(ind)
907,637813500,637813500,-nan(ind),-nan(ind)
908,637813500,637813500,-nan(ind),-nan(ind)
909,637813500,637813500,-nan(ind),-nan(ind)
910,637813500,637813500,-nan(ind),-nan(ind)
911,637813500,637813500,-nan(ind),-nan(ind)
912,637813500,637813500,-nan(ind),-nan(ind)
913,637813500,637813500,-nan(ind),-nan(ind)
914,637813500,637813500,-nan(ind),-nan(ind)
915,637813500,637813500,-nan(ind),-nan(ind)
916,637813500,637813500,-nan(ind),-nan(ind)
917,637813500,637813500,-nan(ind),-nan(ind)
918,637813500,637813500,-nan(ind),-nan(ind)
919,637813500,637813500,-nan(ind),-nan(ind)
920,637813500,637813500,-nan(ind),-nan(ind)
921,637813500,637813500,-nan(ind),-nan(ind)
922,637813500,637813500,-nan(ind),-nan(ind)
923,637813500,637813500,-nan(ind),-nan(ind)
924,637813500,637813500,-nan(ind),-nan(ind)
925,637813500,637813500,-nan(ind),-nan(ind)
926,637813500,637813500,-nan(ind),-nan(ind)
927,637813500,637813500,-nan(ind),-nan(ind)
928,637813500,637813500,-nan(ind),-nan(ind)
929,637813500,637813500,-nan(ind),-nan(ind)
930,637813500,637813500,-nan(ind),-nan(ind)
931,637813500,637813500,-nan(ind),-nan(ind)
932,637813500,637813500,4453.2366697,902004501.976
933,637813500,637813500,5021.67280103,902004501.979
934,637813500,637813500,5259.69425252,902004501.98
935,637813500,637813500,5316.66526854,902004501.98
936,637813500,637813500,5242.48265096,902004501.98
937,637813500,637813500,5060.63275318,902004501.979
938,637813500,637813500,4783.79440516,902004501.977
939,637813500,637813500,4418.93451283,902004501.975
940,637813500,637813500,3969.17716005,902004501.973
941,637813500,637813500,3434.21573077,902004501.971
942,637813500,637813500,2809.59491247,902004501.969
943,637813500,637813500,2084.2958723,902004501.967
944,637813500,637813500,1234.16860023,902004501.965
945,637813500,637813500,200.439552701,902004501.965
946,637813500,637813500,-1233.43034421,902004501.965
947,637813500,637813500,-nan(ind),-nan(ind)
948,637813500,637813500,-nan(ind),-nan(ind)
949,637813500,637813500,-nan(ind),-nan(ind)
950,637813500,637813500,-nan(ind),-nan(ind)
951,637813500,637813500,-nan(ind),-nan(ind)
952,637813500,637813500,-nan(ind),-nan(ind)
953,637813500,637813500,-nan(ind),-nan(ind)
954,637813500,637813500,-nan(ind),-nan(ind)
955,637813500,637813500,-nan(ind),-nan(ind)
956,637813500,637813500,-nan(ind),-nan(ind)
957,637813500,637813500,-nan(ind),-nan(ind)
958,637813500,637813500,-nan(ind),-nan(ind)
959,637813500,637813500,-nan(ind),-nan(ind)
960,637813500,637813500,-nan(ind),-nan(ind)
961,637813500,637813500,-nan(ind),-nan(ind)
962,637813500,637813500,-nan(ind),-nan(ind)
963,637813500,637813500,-nan(ind),-nan(ind)
964,637813500,637813500,-nan(ind),-nan(ind)
965,637813500,637813500,-nan(ind),-nan(ind)
966,637813500,637813500,-nan(ind),-nan(ind)
967,637813500,637813500,-nan(ind),-nan(ind)
968,637813500,637813500,-nan(ind),-nan(ind)
969,637813500,637813500,-nan(ind),-nan(ind)
970,637813500,637813500,-nan(ind),-nan(ind)
971,637813500,637813500,-nan(ind),-nan(ind)
972,637813500,637813500,-nan(ind),-nan(ind)
973,637813500,637813500,-nan(ind),-nan(ind)
974,637813500,637813500,-nan(ind),-nan(ind)
975,637813500,637813500,-nan(ind),-nan(ind)
976,637813500,637813500,-nan(ind),-nan(ind)
977,637813500,637813500,-nan(ind),-nan(ind)
978,637813500,637813500,-1455.00766177,902004501.966
979,637813500,637813500,64.9695360912,902004501.965
980,637813500,637813500,1124.97005812,902004501.965
981,637813500,637813500,1990.92861505,902004501.967
982,637813500,637813500,2728.45092929,902004501.969
983,637813500,637813500,3363.85098244,902004501.971
984,637813500,637813500,3909.09520912,902004501.973
985,637813500,637813500,4369.1559445,902004501.975
986,637813500,637813500,4744.69447078,902004501.977
987,637813500,637813500,5032.91301275,902004501.979
988,637813500,637813500,5227.2601397,902004501.98
989,637813500,637813500,5315.7548031,902004501.98
990,637813500,637813500,5276.38514831,902004501.98
991,637813500,637813500,5063.34086752,902004501.979
992,637813500,637813500,4546.62461218,902004501.976
993,637813500,637813500,-nan(ind),-nan(ind)
994,637813500,637813500,-nan(ind),-nan(ind)
995,637813500,637813500,-nan(ind),-nan(ind)
996,637813500,637813500,-nan(ind),-nan(ind)
997,637813500,637813500,-nan(ind),-nan(ind)
998,637813500,637813500,-nan(ind),-nan(ind)
999,637813500,637813500,-nan(ind),-nan(ind)
1000,637813500,637813500,-nan(ind),-nan(ind)
1001,637813500,637813500,-nan(ind),-nan(ind)
1002,637813500,637813500,-nan(ind),-nan(ind)
1003,637813500,637813500,-nan(ind),-nan(ind)
1004,637813500,637813500,-nan(ind),-nan(ind)
1005,637813500,637813500,-nan(ind),-nan(ind)
1006,637813500,637813500,-nan(ind),-nan(ind)
1007,637813500,637813500,-nan(ind),-nan(ind)
1008,637813500,637813500,-nan(ind),-nan(ind)
1009,637813500,637813500,-nan(ind),-nan(ind)
1010,637813500,637813500,-nan(ind),-nan(ind)
1011,637813500,637813500,-nan(ind),-nan(ind)
1012,637813500,637813500,-nan(ind),-nan(ind)
1013,637813500,637813500,-nan(ind),-nan(ind)
1014,637813500,637813500,-nan(ind),-nan(ind)
1015,637813500,637813500,-nan(ind),-nan(ind)
1016,637813500,637813500,-nan(ind),-nan(ind)
1017,637813500,637813500,-nan(ind),-nan(ind)
1018,637813500,637813500,-nan(ind),-nan(ind)
1019,637813500,637813500,-nan(ind),-nan(ind)
1020,637813500,637813500,-nan(ind),-nan(ind)
1021,637813500,637813500,-nan(ind),-nan(ind)
1022,637813500,637813500,-nan(ind),-nan(ind)
1023,637813500,637813500,-nan(ind),-nan(ind)
1024,637813500,637813500,3489.5635145,902004501.971
1025,637813500,637813500,4730.98718306,902004501.977
1026,637813500,637813500,5141.12847402,902004501.979
1027,637813500,637813500,5300.00037191,902004501.98
1028,637813500,637813500,5301.26920798,902004501.98
1029,637813500,637813500,5181.88676074,902004501.98
1030,637813500,637813500,4960.41601781,902004501.978
1031,637813500,637813500,4647.08938549,902004501.977
1032,637813500,637813500,4247.34089554,902004501.975
1033,637813500,637813500,3763.03860116,902004501.973
1034,637813500,637813500,3192.48193508,902004501.97
1035,637813500,637813500,2529.16846366,902004501.968
1036,637813500,637813500,1758.28124157,902004501.966
1037,637813500,637813500,846.732118368,902004501.965
1038,637813500,637813500,-294.559032422,902004501.965
1039,637813500,637813500,-2219.60812051,902004501.967
1040,637813500,637813500,-nan(ind),-nan(ind)
1041,637813500,637813500,-nan(ind),-nan(ind)
1042,637813500,637813500,-nan(ind),-nan(ind)
1043,637813500,637813500,-nan(ind),-nan(ind)
1044,637813500,637813500,-nan(ind),-nan(ind)
1045,637813500,637813500,-nan(ind),-nan(ind)
1046,637813500,637813500,-nan(ind),-nan(ind)
1047,637813500,637813500,-nan(ind),-nan(ind)
1048,637813500,637813500,-nan(ind),-nan(ind)
1049,637813500,637813500,-nan(ind),-nan(ind)
1050,637813500,637813500,-nan(ind),-nan(ind)
1051,637813500,637813500,-nan(ind),-nan(ind)
1052,637813500,637813500,-nan(ind),-nan(ind)
1053,637813500,637813500,-nan(ind),-nan(ind)
1054,637813500,637813500,-nan(ind),-nan(ind)
1055,637813500,637813500,-nan(ind),-nan(ind)
1056,637813500,637813500,-nan(ind),-nan(ind)
1057,637813500,637813500,-nan(ind),-nan(ind)
1058,637813500,637813500,-nan(ind),-nan(ind)
1059,637813500,637813500,-nan(ind),-nan(ind)
1060,637813500,637813500,-nan(ind),-nan(ind)
1061,637813500,637813500,-nan(ind),-nan(ind)
1062,637813500,637813500,-nan(ind),-nan(ind)
1063,637813500,637813500,-nan(ind),-nan(ind)
1064,637813500,637813500,-nan(ind),-nan(ind)
1065,637813500,637813500,-nan(ind),-nan(ind)
1066,637813500,637813500,-nan(ind),-nan(ind)
1067,637813500,637813500,-nan(ind),-nan(ind)
1068,637813500,637813500,-nan(ind),-nan(ind)
1069,637813500,637813500,-nan(ind),-nan(ind)
1070,637813500,637813500,-nan(ind),-nan(ind)
1071,637813500,637813500,-820.84104398,902004501.965
1072,637813500,637813500,461.655315922,902004501.965
1073,637813500,637813500,1439.73933043,902004501.966
1074,637813500,637813500,2256.06914612,902004501.967
1075,637813500,637813500,2956.28231718,902004501.969
1076,637813500,637813500,3559.98221498,902004501.972
1077,637813500,637813500,4076.0470428,902004501.974
1078,637813500,637813500,4507.65446819,902004501.976
1079,637813500,637813500,4854.13010126,902004501.978
1080,637813500,637813500,5111.34907652,902004501.979
1081,637813500,637813500,5270.99638012,902004501.98
1082,637813500,637813500,5318.08282982,902004501.98
1083,637813500,637813500,5224.13339543,902004501.98
1084,637813500,637813500,4924.56436869,902004501.978
1085,637813500,637813500,4183.57638973,902004501.974
1086,637813500,637813500,-nan(ind),-nan(ind)
1087,637813500,637813500,-nan(ind),-nan(ind)
1088,637813500,637813500,-nan(ind),-nan(ind)
1089,637813500,637813500,-nan(ind),-nan(ind)
1090,637813500,637813500,-nan(ind),-nan(ind)
1091,637813500,637813500,-nan(ind),-nan(ind)
1092,637813500,637813500,-nan(ind),-nan(ind)
1093,637813500,637813500,-nan(ind),-nan(ind)
1094,637813500,637813500,-nan(ind),-nan(ind)
1095,637813500,637813500,-nan(ind),-nan(ind)
1096,637813500,637813500,-nan(ind),-nan(ind)
1097,637813500,637813500,-nan(ind),-nan(ind)
1098,637813500,637813500,-nan(ind),-nan(ind)
1099,637813500,637813500,-nan(ind),-nan(ind)
1100,637813500,637813500,-nan(ind),-nan(ind)
1101,637813500,637813500,-nan(ind),-nan(ind)
1102,637813500,637813500,-nan(ind),-nan(ind)
1103,637813500,637813500,-nan(ind),-nan(ind)
1104,637813500,637813500,-nan(ind),-nan(ind)
1105,637813500,637813500,-nan(ind),-nan(ind)
1106,637813500,637813500,-nan(ind),-nan(ind)
1107,637813500,637813500,-nan(ind),-nan(ind)
1108,637813500,637813500,-nan(ind),-nan(ind)
1109,637813500,637813500,-nan(ind),-nan(ind)
1110,637813500,637813500,-nan(ind),-nan(ind)
1111,637813500,637813500,-nan(ind),-nan(ind)
1112,637813500,637813500,-nan(ind),-nan(ind)
1113,637813500,637813500,-nan(ind),-nan(ind)
1114,637813500,637813500,-nan(ind),-nan(ind)
1115,637813500,637813500,-nan(ind),-nan(ind)
1116,637813500,637813500,-nan(ind),-nan(ind)
1117,637813500,637813500,4199.8118447,902004501.974
1118,637813500,637813500,4930.39822426,902004501.978
1119,637813500,637813500,5225.73955287,902004501.98
1120,637813500,637813500,5316.64635166,902004501.98
1121,637813500,637813500,5266.92857367,902004501.98
1122,637813500,637813500,5104.78820265,902004501.979
1123,637813500,637813500,4845.07672145,902004501.978
1124,637813500,637813500,4496.0204354,902004501.976
1125,637813500,637813500,4061.67353331,902004501.974
1126,637813500,637813500,3542.64007426,902004501.972
1127,637813500,637813500,2935.65271928,902004501.969
1128,637813500,637813500,2231.68562261,902004501.967
1129,637813500,637813500,1410.82290671,902004501.966
1130,637813500,637813500,426.535864019,902004501.965
1131,637813500,637813500,-868.331922135,902004501.965
1132,637813500,637813500,-nan(ind),-nan(ind)
1133,637813500,637813500,-nan(ind),-nan(ind)
1134,637813500,637813500,-nan(ind),-nan(ind)
1135,637813500,637813500,-nan(ind),-nan(ind)
1136,637813500,637813500,-nan(ind),-nan(ind)
1137,637813500,637813500,-nan(ind),-nan(ind)
1138,637813500,637813500,-nan(ind),-nan(ind)
1139,637813500,637813500,-nan(ind),-nan(ind)
1140,637813500,637813500,-nan(ind),-nan(ind)
1141,637813500,637813500,-nan(ind),-nan(ind)
1142,637813500,637813500,-nan(ind),-nan(ind)
1143,637813500,637813500,-nan(ind),-nan(ind)
1144,637813500,637813500,-nan(ind),-nan(ind)
1145,637813500,637813500,-nan(ind),-nan(ind)
1146,637813500,637813500,-nan(ind),-nan(ind)
1147,637813500,637813500,-nan(ind),-nan(ind)
1148,637813500,637813500,-nan(ind),-nan(ind)
1149,637813500,637813500,-nan(ind),-nan(ind)
1150,637813500,637813500,-nan(ind),-nan(ind)
1151,637813500,637813500,-nan(ind),-nan(ind)
1152,637813500,637813500,-nan(ind),-nan(ind)
1153,637813500,637813500,-nan(ind),-nan(ind)
1154,637813500,637813500,-nan(ind),-nan(ind)
1155,637813500,637813500,-nan(ind),-nan(ind)
1156,637813500,637813500,-nan(ind),-nan(ind)
1157,637813500,637813500,-nan(ind),-nan(ind)
1158,637813500,637813500,-nan(ind),-nan(ind)
1159,637813500,637813500,-nan(ind),-nan(ind)
1160,637813500,637813500,-nan(ind),-nan(ind)
1161,637813500,637813500,-nan(ind),-nan(ind)
1162,637813500,637813500,-nan(ind),-nan(ind)
1163,637813500,637813500,-2232.51259226,902004501.967
1164,637813500,637813500,-318.016552393,902004501.965
1165,637813500,637813500,822.594799519,902004501.965
1166,637813500,637813500,1734.90967842,902004501.966
1167,637813500,637813500,2507.37863581,902004501.968
1168,637813500,637813500,3172.86993045,902004501.97
1169,637813500,637813500,3746.07957474,902004501.972
1170,637813500,637813500,4233.41904508,902004501.975
1171,637813500,637813500,4636.50276758,902004501.977
1172,637813500,637813500,4953.36625656,902004501.978
1173,637813500,637813500,5178.45132223,902004501.98
1174,637813500,637813500,5301.33970488,902004501.98
1175,637813500,637813500,5303.13101339,902004501.98
1176,637813500,637813500,5146.07018841,902004501.979
1177,637813500,637813500,4733.46792853,902004501.977
1178,637813500,637813500,3405.50524585,902004501.971
1179,637813500,637813500,-nan(ind),-nan(ind)
1180,637813500,637813500,-nan(ind),-nan(ind)
1181,637813500,637813500,-nan(ind),-nan(ind)
1182,637813500,637813500,-nan(ind),-nan(ind)
1183,637813500,637813500,-nan(ind),-nan(ind)
1184,637813500,637813500,-nan(ind),-nan(ind)
1185,637813500,637813500,-nan(ind),-nan(ind)
1186,637813500,637813500,-nan(ind),-nan(ind)
1187,637813500,637813500,-nan(ind),-nan(ind)
1188,637813500,637813500,-nan(ind),-nan(ind)
1189,637813500,637813500,-nan(ind),-nan(ind)
1190,637813500,637813500,-nan(ind),-nan(ind)
1191,637813500,637813500,-nan(ind),-nan(ind)
1192,637813500,637813500,-nan(ind),-nan(ind)
1193,637813500,637813500,-nan(ind),-nan(ind)
1194,637813500,637813500,-nan(ind),-nan(ind)
1195,637813500,637813500,-nan(ind),-nan(ind)
1196,637813500,637813500,-nan(ind),-nan(ind)
1197,637813500,637813500,-nan(ind),-nan(ind)
1198,637813500,637813500,-nan(ind),-nan(ind)
1199,637813500,637813500,-nan(ind),-nan(ind)
1200,637813500,637813500,-nan(ind),-nan(ind)
1201,637813500,637813500,-nan(ind),-nan(ind)
1202,637813500,637813500,-nan(ind),-nan(ind)
1203,637813500,637813500,-nan(ind),-nan(ind)
1204,637813500,637813500,-nan(ind),-nan(ind)
1205,637813500,637813500,-nan(ind),-nan(ind)
1206,637813500,637813500,-nan(ind),-nan(ind)
1207,637813500,637813500,-nan(ind),-nan(ind)
1208,637813500,637813500,-nan(ind),-nan(ind)
1209,637813500,637813500,-nan(ind),-nan(ind)
1210,637813500,637813500,4567.35718985,902004501.976
1211,637813500,637813500,5076.35854383,902004501.979
1212,637813500,637813500,5280.93918069,902004501.98
1213,637813500,637813500,5311.76368092,902004501.98
1214,637813500,637813500,5214.7094919,902004501.98
1215,637813500,637813500,5011.78614067,902004501.979
1216,637813500,637813500,4714.9581502,902004501.977
1217,637813500,637813500,4330.75302444,902004501.975
1218,637813500,637813500,3861.932478,902004501.973
1219,637813500,637813500,3307.7728982,902004501.971
1220,637813500,637813500,2663.17983702,902004501.969
1221,637813500,637813500,1915.91656615,902004501.967
1222,637813500,637813500,1038.96299583,902004501.965
1223,637813500,637813500,-35.7921500422,902004501.965
1224,637813500,637813500,-1596.43017162,902004501.966
1225,637813500,637813500,-nan(ind),-nan(ind)
1226,637813500,637813500,-nan(ind),-nan(ind)
1227,637813500,637813500,-nan(ind),-nan(ind)
1228,637813500,637813500,-nan(ind),-nan(ind)
1229,637813500,637813500,-nan(ind),-nan(ind)
1230,637813500,637813500,-nan(ind),-nan(ind)
1231,637813500,637813500,-nan(ind),-nan(ind)
1232,637813500,637813500,-nan(ind),-nan(ind)
1233,637813500,637813500,-nan(ind),-nan(ind)
1234,637813500,637813500,-nan(ind),-nan(ind)
1235,637813500,637813500,-nan(ind),-nan(ind)
1236,637813500,637813500,-nan(ind),-nan(ind)
1237,637813500,637813500,-nan(ind),-nan(ind)
1238,637813500,637813500,-nan(ind),-nan(ind)
1239,637813500,637813500,-nan(ind),-nan(ind)
1240,637813500,637813500,-nan(ind),-nan(ind)
1241,637813500,637813500,-nan(ind),-nan(ind)
1242,637813500,637813500,-nan(ind),-nan(ind)
1243,637813500,637813500,-nan(ind),-nan(ind)
1244,637813500,637813500,-nan(ind),-nan(ind)
1245,637813500,637813500,-nan(ind),-nan(ind)
1246,637813500,637813500,-nan(ind),-nan(ind)
1247,637813500,637813500,-nan(ind),-nan(ind)
1248,637813500,637813500,-nan(ind),-nan(ind)
1249,637813500,637813500,-nan(ind),-nan(ind)
1250,637813500,637813500,-nan(ind),-nan(ind)
1251,637813500,637813500,-nan(ind),-nan(ind)
1252,637813500,637813500,-nan(ind),-nan(ind)
1253,637813500,637813500,-nan(ind),-nan(ind)
1254,637813500,637813500,-nan(ind),-nan(ind)
1255,637813500,637813500,-nan(ind),-nan(ind)
1256,637813500,637813500,-1329.95393293,902004501.966
1257,637813500,637813500,115.33483063,902004501.965
1258,637813500,637813500,1156.03343376,902004501.965
1259,637813500,637813500,2013.19506943,902004501.967
1260,637813500,637813500,2746.04074439,902004501.969
1261,637813500,637813500,3378.77628396,902004501.971
1262,637813500,637813500,3922.38350384,902004501.973
1263,637813500,637813500,4381.24247005,902004501.975
1264,637813500,637813500,4755.55590235,902004501.977
1265,637813500,637813500,5042.0599621,902004501.979
1266,637813500,637813500,5233.58633854,902004501.98
1267,637813500,637813500,5317.12368587,902004501.98
1268,637813500,637813500,5268.50956179,902004501.98
1269,637813500,637813500,5035.95876384,902004501.979
1270,637813500,637813500,4460.2208303,902004501.976
1271,637813500,637813500,-nan(ind),-nan(ind)
1272,637813500,637813500,-nan(ind),-nan(ind)
1273,637813500,637813500,-nan(ind),-nan(ind)
1274,637813500,637813500,-nan(ind),-nan(ind)
1275,637813500,637813500,-nan(ind),-nan(ind)
1276,637813500,637813500,-nan(ind),-nan(ind)
1277,637813500,637813500,-nan(ind),-nan(ind)
1278,637813500,637813500,-nan(ind),-nan(ind)
1279,637813500,637813500,-nan(ind),-nan(ind)
1280,637813500,637813500,-nan(ind),-nan(ind)
1281,637813500,637813500,-nan(ind),-nan(ind)
1282,637813500,637813500,-nan(ind),-nan(ind)
1283,637813500,637813500,-nan(ind),-nan(ind)
1284,637813500,637813500,-nan(ind),-nan(ind)
1285,637813500,637813500,-nan(ind),-nan(ind)
1286,637813500,637813500,-nan(ind),-nan(ind)
1287,637813500,637813500,-nan(ind),-nan(ind)
1288,637813500,637813500,-nan(ind),-nan(ind)
1289,637813500,637813500,-nan(ind),-nan(ind)
1290,637813500,637813500,-nan(ind),-nan(ind)
1291,637813500,637813500,-nan(ind),-nan(ind)
1292,637813500,637813500,-nan(ind),-nan(ind)
1293,637813500,637813500,-nan(ind),-nan(ind)
1294,637813500,637813500,-nan(ind),-nan(ind)
1295,637813500,637813500,-nan(ind),-nan(ind)
1296,637813500,637813500,-nan(ind),-nan(ind)
1297,637813500,637813500,-nan(ind),-nan(ind)
1298,637813500,637813500,-nan(ind),-nan(ind)
1299,637813500,637813500,-nan(ind),-nan(ind)
1300,637813500,637813500,-nan(ind),-nan(ind)
1301,637813500,637813500,-nan(ind),-nan(ind)
1302,637813500,637813500,3792.49591991,902004501.973
1303,637813500,637813500,4816.41479315,902004501.978
1304,637813500,637813500,5181.58428575,902004501.98
1305,637813500,637813500,5310.43636385,902004501.98
1306,637813500,637813500,5286.97682835,902004501.98
1307,637813500,637813500,5145.46995494,902004501.979
1308,637813500,637813500,4903.37280692,902004501.978
1309,637813500,637813500,4570.33493536,902004501.976
1310,637813500,637813500,4151.39432143,902004501.974
1311,637813500,637813500,3648.04992731,902004501.972
1312,637813500,637813500,3058.12463456,902004501.97
1313,637813500,637813500,2374.31896392,902004501.968
1314,637813500,637813500,1580.17658396,902004501.966
1315,637813500,637813500,638.335023742,902004501.965
1316,637813500,637813500,-557.375468595,902004501.965
1317,637813500,637813500,-nan(ind),-nan(ind)
1318,637813500,637813500,-nan(ind),-nan(ind)
1319,637813500,637813500,-nan(ind),-nan(ind)
1320,637813500,637813500,-nan(ind),-nan(ind)
1321,637813500,637813500,-nan(ind),-nan(ind)
1322,637813500,637813500,-nan(ind),-nan(ind)
1323,637813500,637813500,-nan(ind),-nan(ind)
1324,637813500,637813500,-nan(ind),-nan(ind)
1325,637813500,637813500,-nan(ind),-nan(ind)
1326,637813500,637813500,-nan(ind),-nan(ind)
1327,637813500,637813500,-nan(ind),-nan(ind)
1328,637813500,637813500,-nan(ind),-nan(ind)
1329,637813500,637813500,-nan(ind),-nan(ind)
1330,637813500,637813500,-nan(ind),-nan(ind)
1331,637813500,637813500,-nan(ind),-nan(ind)
1332,637813500,637813500,-nan(ind),-nan(ind)
1333,637813500,637813500,-nan(ind),-nan(ind)
1334,637813500,637813500,-nan(ind),-nan(ind)
1335,637813500,637813500,-nan(ind),-nan(ind)
1336,637813500,637813500,-nan(ind),-nan(ind)
1337,637813500,637813500,-nan(ind),-nan(ind)
1338,637813500,637813500,-nan(ind),-nan(ind)
1339,637813500,637813500,-nan(ind),-nan(ind)
1340,637813500,637813500,-nan(ind),-nan(ind)
1341,637813500,637813500,-nan(ind),-nan(ind)
1342,637813500,637813500,-nan(ind),-nan(ind)
1343,637813500,637813500,-nan(ind),-nan(ind)
1344,637813500,637813500,-nan(ind),-nan(ind)
1345,637813500,637813500,-nan(ind),-nan(ind)
1346,637813500,637813500,-nan(ind),-nan(ind)
1347,637813500,637813500,-nan(ind),-nan(ind)
1348,637813500,637813500,-nan(ind),-nan(ind)
1349,637813500,637813500,-739.623336986,902004501.965
1350,637813500,637813500,503.248821483,902004501.965
1351,637813500,637813500,1467.18808211,902004501.966
1352,637813500,637813500,2276.5608073,902004501.968
1353,637813500,637813500,2972.95560876,902004501.97
1354,637813500,637813500,3574.42502857,902004501.972
1355,637813500,637813500,4089.04973273,902004501.974
1356,637813500,637813500,4519.48250768,902004501.976
1357,637813500,637813500,4864.60059435,902004501.978
1358,637813500,637813500,5119.77525417,902004501.979
1359,637813500,637813500,5275.96142453,902004501.98
1360,637813500,637813500,5316.84544022,902004501.98
1361,637813500,637813500,5210.91031178,902004501.98
1362,637813500,637813500,4883.66736358,902004501.978
1363,637813500,637813500,4018.0214335,902004501.974
1364,637813500,637813500,-nan(ind),-nan(ind)
1365,637813500,637813500,-nan(ind),-nan(ind)
1366,637813500,637813500,-nan(ind),-nan(ind)
1367,637813500,637813500,-nan(ind),-nan(ind)
1368,637813500,637813500,-nan(ind),-nan(ind)
1369,637813500,637813500,-nan(ind),-nan(ind)
1370,637813500,637813500,-nan(ind),-nan(ind)
1371,637813500,637813500,-nan(ind),-nan(ind)
1372,637813500,637813500,-nan(ind),-nan(ind)
1373,637813500,637813500,-nan(ind),-nan(ind)
1374,637813500,637813500,-nan(ind),-nan(ind)
1375,637813500,637813500,-nan(ind),-nan(ind)
1376,637813500,637813500,-nan(ind),-nan(ind)
1377,637813500,637813500,-nan(ind),-nan(ind)
1378,637813500,637813500,-nan(ind),-nan(ind)
1379,637813500,637813500,-nan(ind),-nan(ind)
1380,637813500,637813500,-nan(ind),-nan(ind)
1381,637813500,637813500,-nan(ind),-nan(ind)
1382,637813500,637813500,-nan(ind),-nan(ind)
1383,637813500,637813500,-nan(ind),-nan(ind)
1384,637813500,637813500,-nan(ind),-nan(ind)
1385,637813500,637813500,-nan(ind),-nan(ind)
1386,637813500,637813500,-nan(ind),-nan(ind)
1387,637813500,637813500,-nan(ind),-nan(ind)
1388,637813500,637813500,-nan(ind),-nan(ind)
1389,637813500,637813500,-nan(ind),-nan(ind)
1390,637813500,637813500,-nan(ind),-nan(ind)
1391,637813500,637813500,-nan(ind),-nan(ind)
1392,637813500,637813500,-nan(ind),-nan(ind)
1393,637813500,637813500,-nan(ind),-nan(ind)
1394,637813500,637813500,-nan(ind),-nan(ind)
1395,637813500,637813500,4347.69324282,902004501.975
1396,637813500,637813500,4995.57256518,902004501.978
1397,637813500,637813500,5253.608997,902004501.98
1398,637813500,637813500,5316.89331403,902004501.98
1399,637813500,637813500,5243.55453579,902004501.98
1400,637813500,637813500,5059.90853492,902004501.979
1401,637813500,637813500,4779.95189592,902004501.977
1402,637813500,637813500,4411.41916001,902004501.975
1403,637813500,637813500,3957.99179249,902004501.973
1404,637813500,637813500,3419.88051858,902004501.971
1405,637813500,637813500,2793.25373115,902004501.969
1406,637813500,637813500,2068.06287328,902004501.967
1407,637813500,637813500,1222.11095062,902004501.965
1408,637813500,637813500,202.12461518,902004501.965
1409,637813500,637813500,-1176.27273963,902004501.965
1410,637813500,637813500,-nan(ind),-nan(ind)
1411,637813500,637813500,-nan(ind),-nan(ind)
1412,637813500,637813500,-nan(ind),-nan(ind)
1413,637813500,637813500,-nan(ind),-nan(ind)
1414,637813500,637813500,-nan(ind),-nan(ind)
1415,637813500,637813500,-nan(ind),-nan(ind)
1416,637813500,637813500,-nan(ind),-nan(ind)
1417,637813500,637813500,-nan(ind),-nan(ind)
1418,637813500,637813500,-nan(ind),-nan(ind)
1419,637813500,637813500,-nan(ind),-nan(ind)
1420,637813500,637813500,-nan(ind),-nan(ind)
1421,637813500,637813500,-nan(ind),-nan(ind)
1422,637813500,637813500,-nan(ind),-nan(ind)
1423,637813500,637813500,-nan(ind),-nan(ind)
1424,637813500,637813500,-nan(ind),-nan(ind)
1425,637813500,637813500,-nan(ind),-nan(ind)
1426,637813500,637813500,-nan(ind),-nan(ind)
1427,637813500,637813500,-nan(ind),-nan(ind)
1428,637813500,637813500,-nan(ind),-nan(ind)
1429,637813500,637813500,-nan(ind),-nan(ind)
1430,637813500,637813500,-nan(ind),-nan(ind)
1431,637813500,637813500,-nan(ind),-nan(ind)
1432,637813500,637813500,-nan(ind),-nan(ind)
1433,637813500,637813500,-nan(ind),-nan(ind)
1434,637813500,637813500,-nan(ind),-nan(ind)
1435,637813500,637813500,-nan(ind),-nan(ind)
1436,637813500,637813500,-nan(ind),-nan(ind)
1437,637813500,637813500,-nan(ind),-nan(ind)
1438,637813500,637813500,-nan(ind),-nan(ind)
1439,637813500,637813500,-nan(ind),-nan(ind)
1440,637813500,637813500,-nan(ind),-nan(ind)
