T since,Latitude,Longitude,Altitude,,,SGP4 Test
0,17.7286609649,-93.4256072059,403.325425873,,,1 25544U 98067A   16291.11854479  .00010689  00000-0  16758-3 0  9992
1,14.743027936,-91.0603265433,403.512456001,,,2 25544  51.6446 169.8664 0007102  80.6091  76.5051 15.54264543 23954
2,11.728334424,-88.7659603631,403.793467138,,,Singapore UTC+8:,,17/10/16 10:50:42
3,8.69137560456,-86.5267422613,404.173017449
4,5.63848756445,-84.3277458265,404.653958823
5,2.5756761177,-82.1546682502,405.237337464
6,-0.491265083956,-79.9936147086,405.922328758
7,-3.55664341609,-77.8308836479,406.706207959
8,-6.61475944318,-75.6527550993,407.584357438
9,-9.65979873908,-73.4452776192,408.550310456
10,-12.6857197384,-71.194055442,409.595830667
11,-15.6861339719,-68.8840347949,410.711025747
12,-18.654175026,-66.4992913186,411.884492883
13,-21.582352623,-64.0228234779,413.103493196
14,-24.4623884821,-61.4363617323,414.354151604
15,-27.2850312779,-58.7202106718,415.62167819
16,-30.0398494153,-55.853152226,416.890606773
17,-32.7150029652,-52.8124536395,418.145046123
18,-35.2970006879,-49.5740434524,419.368939135
19,-37.7704555468,-46.1129480435,420.546325224
20,-40.1178635624,-42.4041035148,421.661601269
21,-42.3194471151,-38.4236861514,422.699776566
22,-44.353124663,-34.1511018855,423.646717494
23,-46.1946915073,-29.5717276438,424.489377834
24,-47.8183132477,-24.680362327,425.21601108
25,-49.197431015,-19.4850928486,425.816361383
26,-50.3061363874,-14.0109208342,426.28183023
27,-51.1209780642,-8.30212891165,426.605616352
28,-51.6230158043,-2.42220797867,426.782826803
29,-51.7997816797,3.54952304931,426.810557597
30,-51.646722695,9.52459919883,426.687942742
31,-51.1677577999,15.4142141982,426.416170958
32,-50.3747965654,21.1381090346,425.998469832
33,-49.2863519371,26.6314644208,425.440057598
34,-47.925602943,31.8485392297,424.748063217
35,-46.3183345429,36.7629655275,423.93141584
36,-44.4911044157,41.3655227079,423.000705252
37,-42.4698332077,45.6605652036,421.968015287
38,-40.27886558,49.662146913,420.846732688
39,-37.940449289,53.3905255996,419.651334293
40,-35.4745347194,56.8693651578,418.397155866
41,-32.8987925557,60.1236934048,417.100146232
42,-30.228763383,63.1785267171,415.776610759
43,-27.4780755827,66.0580249326,414.442948513
44,-24.6586890123,68.7850322169,413.115387614
45,-21.7811385875,71.3808847644,411.809723517
46,-18.8547636608,73.8653930749,410.541064974
47,-15.8879168299,76.2569328124,409.323592428
48,-12.8881505645,78.5725993805,408.170333444
49,-9.86238279157,80.8283971324,407.092959534
50,-6.81704404552,83.0394453422,406.101608406
51,-3.75820949595,85.2201905428,405.20473517
52,-0.691719446974,87.3846210711,404.40899552
53,2.37670802879,89.5464793343,403.719163229
54,5.44136866875,91.7194751069,403.138083614
55,8.49646417773,93.9174982222,402.666663838
56,11.5359913232,96.1548327173,402.303900142
57,14.5536242878,98.4463727134,402.04694129
58,17.5425865476,100.807839003,401.891186741
59,20.4955085428,103.255992669,401.830417313
60,23.4042675521,105.808837772,401.856955437
61,26.259806664,108.485798502,401.961851494
62,29.0519308387,111.307846144,402.13509224
63,31.7690802373,114.297538095,402.365826913
64,34.398084924,117.47890804,402.642606343
65,36.9239116495,120.877126914,402.953630198
66,39.3294238151,124.517819098,403.28699746
67,41.5951909636,128.425894421,403.630955244
68,43.6994045651,132.623743655,403.974141222
69,45.6179807011,137.128674343,404.305815137
70,47.3249515353,141.949570156,404.616075194
71,48.7932537827,147.082979131,404.896055468
72,49.9959947364,152.509183823,405.138100881
73,50.9081950161,158.189209828,405.33591676
74,51.5088670085,164.063995688,405.484690467
75,51.7831194597,170.056799782,405.581183077
76,51.7238558046,176.079166331,405.623789625
77,51.3326448727,-177.960416423,405.612566956
78,50.619525578,-172.147115896,405.549228736
79,49.6018002566,-166.55187841,405.437107753
80,48.3021384366,-161.22669795,405.281086111
81,46.7464359922,-156.20345248,405.087494521
82,44.9618294109,-151.495647149,404.863982351
83,42.9751152032,-147.101872599,404.61936065
84,40.8116596643,-143.009817565,404.363420826
85,38.4947637306,-139.200020303,404.106732146
86,36.0453872268,-135.648941087,403.860421629
87,33.4821237238,-132.331247116,403.635940327
88,30.8213307802,-129.221372674,403.444820292
89,28.077343589,-126.294497315,403.29842681
90,25.2627230897,-123.527092137,403.207710671
91,22.3885082415,-120.897165868,403.182965343
92,19.4644555713,-118.384313129,403.233593921
93,16.4992580202,-115.969638975,403.367890616
94,13.5007406363,-113.635610432,403.59284135
95,10.4760338778,-111.365868137,403.913947677
96,7.43172701944,-109.145018784,404.335077842
97,4.37400499493,-106.958419269,404.858348237
98,1.30877233767,-104.791961274,405.484037918
99,-1.75823203799,-102.631855496,406.210538125
100,-4.82132550511,-100.464418428,407.034338031
101,-7.8747741827,-98.2758599289,407.950047137
102,-10.9126835552,-96.0520706504,408.950453963
103,-13.9288836193,-93.7784086686,410.026619896
104,-16.9168049018,-91.4394858935,411.168006318
105,-19.8693416982,-89.0189571397,412.362632464
106,-22.778699003,-86.4993185049,413.597260824
107,-25.6362199989,-83.8617277123,414.85760643
108,-28.4321918881,-81.0858666363,416.128565891
109,-31.1556296844,-78.1498824101,417.394461783
110,-33.7940409186,-75.0304551764,418.63929776
111,-36.3331798623,-71.7030693699,419.847019659
112,-38.7568088606,-68.1425891925,421.001777888
113,-41.046497738,-64.3242672887,422.088186462
114,-43.1815105246,-60.2253315867,423.091574245
115,-45.1388509137,-55.8272795764,423.998224183
116,-46.8935594389,-51.1189295994,424.79559664
117,-48.4193663466,-46.1000977418,425.472533279
118,-49.6897880478,-40.7854669336,426.019438342
119,-50.6796925315,-35.2078334353,426.42843456
120,-51.3672399984,-29.4196027036,426.693491396
121,-51.7359471712,-23.4914179212,426.810523737
122,-51.7764863225,-17.5073482165,426.777459602
123,-51.4877971694,-11.5571232915,426.594275904
124,-50.8772171833,-5.72702202147,426.263001736
125,-49.9595942733,-0.0915883766076,425.787689115
126,-48.755621132,5.29200277689,425.174351578
127,-47.2897970349,10.3861499877,424.430871464
128,-45.5884270778,15.1719453289,423.566877197
129,-43.6779494542,19.6462488022,422.593592307
130,-41.5837215782,23.8178823783,421.5236584
131,-39.3292639889,27.7038517776,420.370934708
132,-36.935884651,31.326117543,419.150277294
133,-34.4225804075,34.7091137824,417.877301363
134,-31.8061183681,37.8779965046,416.568130518
135,-29.1012201608,40.8575055884,415.239137115
136,-26.3207945744,43.6712951117,413.906678131
137,-23.4761835612,46.3415975733,412.586831187
138,-20.5774011379,48.8891133178,411.295135438
139,-17.6333547093,51.3330443534,410.046342131
140,-14.6520447119,53.6912159647,408.854179508
141,-11.6407423013,55.980248224,407.731136588
142,-8.60614695025,58.2157544612,406.688270045
143,-5.55452692476,60.4125498264,405.735038032
144,-2.49184610541,62.5848654409,404.879164283
145,0.576119208536,64.7465619561,404.126535229
146,3.64366984769,66.9113424929,403.481132198
147,6.70507603105,69.092965227,402.945000036
148,9.75446870186,71.3054566676,402.518252694
149,12.7857262869,73.5633265252,402.199115546
150,15.7923531766,75.8817841285,401.984003384
151,18.767346183,78.2769544316,401.867632314
152,21.7030452762,80.7660882314,401.843163006
153,24.5909651547,83.3677572293,401.902372157
154,27.4216049011,86.1020131863,402.035848444
155,30.1842344544,88.9904847418,402.233208768
156,32.8666594397,92.056363203,402.483330295
157,35.4549708033,95.3242101229,402.774593484
158,37.9332937283,98.8194909404,403.095131242
159,40.2835625928,102.56770952,403.433079269
160,42.4853661592,106.592995286,403.776822766
161,44.5159294142,110.91599597,404.115234863
162,46.3503223093,115.550984991,404.437902345
163,47.9620026768,120.502242711,404.735334622
164,49.3237954647,125.760046703,404.999152238
165,50.4093625938,131.296992993,405.222251658
166,51.1951110899,137.065744179,405.398943548
167,51.6623289485,142.999435485,405.525062213
168,51.7991775728,149.015575107,405.598044431
169,51.602092607,155.023300234,405.616976373
170,51.076227648,160.932618346,405.582607893
171,50.2348170813,166.663436225,405.497333958
172,49.0976344705,172.152270653,405.365143557
173,47.6889404952,177.355485885,405.191536936
174,46.0353649111,-177.750868364,404.98341255
175,44.1640677875,-173.173662129,404.748925628
176,42.1013593778,-168.906496727,404.497320764
177,39.8718068967,-164.933685519,404.238741408
178,37.497761028,-161.233754571,403.984019612
179,34.9991964935,-157.782190527,403.744449766
180,32.3937613932,-154.553411674,403.531550467
181,29.6969492394,-151.522069383,403.356818932
182,26.9223315909,-148.663830181,403.231482639
183,24.0818106779,-145.955783663,403.166253001
184,21.1858678671,-143.376596156,403.171085967
185,18.2437952471,-140.906500347,403.254954384
186,15.2639049816,-138.527184817,403.425636833
187,12.2537155369,-136.221625227,403.689527339
188,9.22011640069,-133.97388705,404.051470068
189,6.16951421599,-131.768913024,404.514622565
190,3.10796384182,-129.592307116,405.080350587
191,0.0412880584193,-127.430118483,405.748156875
192,-3.02481034845,-125.268627114,406.515645551
193,-6.084640435,-123.094130968,407.378523003
194,-9.13241523591,-120.892733595,408.330635378
195,-12.1621405624,-118.650131274,409.364041993
196,-15.1674968192,-116.351399365,410.469123226
197,-18.1417101794,-113.980779464,411.634720703
198,-21.0774094953,-111.521470559,412.848306985
199,-23.9664655361,-108.95543549,414.096181337
200,-26.7998097142,-106.263235034,415.363687717
201,-29.567230706,-103.42391807,416.635450748
202,-32.2571497358,-100.415007292,417.895625127
203,-34.8563794813,-97.2126409115,419.128153822
204,-37.3498784494,-93.7919556139,420.31703031
205,-39.7205233602,-90.127824129,421.44656016
206,-41.9489374709,-86.1960851881,422.501617404
207,-44.0134329329,-81.975409796,423.467891339
208,-45.8901480062,-77.4499100712,424.332119669
209,-47.5534787478,-72.6124797778,425.082304239
210,-48.9769069072,-67.4686235777,425.707905956
211,-50.1342926838,-62.0401903293,426.200015914
212,-51.0016151865,-56.368041957,426.551500152
213,-51.5590038866,-50.5124822108,426.757115902
214,-51.792745577,-44.5504802225,426.813597644
215,-51.6968470346,-38.5695099228,426.71971172
216,-51.2737641218,-32.6589819008,426.476278731
217,-50.534098929,-26.9012093954,426.086163375
218,-49.4953486764,-21.3640483374,425.554231845
219,-48.1800329955,-16.0966558735,424.887277377
220,-46.6136263692,-11.1286557902,424.09391497
221,-44.8226668617,-6.47200829291,423.184446767
222,-42.8332658656,-2.12443272829,422.17070004
223,-40.6700892518,1.92671002102,421.065840159
224,-38.3557703332,5.70082388137,419.88416136
225,-35.9106614063,9.22114921226,418.64085855
226,-33.3528203785,12.5125925967,417.351783763
227,-30.6981427008,15.6002459483,416.033191243
228,-27.9605710142,18.5084596248,414.701475421
229,-25.1523366178,21.2603257587,413.372906299
230,-22.2842043537,23.87744711,412.063366934
231,-19.3657050794,26.3798943064,410.78809777
232,-16.4053482626,28.786282284,409.561452585
233,-13.4108124312,31.113915265,408.396670677
234,-10.38911425,33.3789721777,407.30566972
235,-7.34675864308,35.5967104588,406.298863352
236,-4.28987319145,37.7816779095,405.385007154
237,-1.22433036872,39.9479265384,404.571076097
238,1.84413872392,42.1092259812,403.862175962
239,4.90983546739,44.2792761861,403.261490466
240,7.96698604338,46.4719201491,402.770265133
241,11.0096313251,48.701357773,402.387828131
242,14.0315106675,50.9823612956,402.111647483
243,17.0259358746,53.3304925968,401.937423327
244,19.9856516018,55.76231675,401.859213082
245,22.9026785631,58.2956081066,401.869586757
246,25.7681363179,60.9495331509,401.959808991
247,28.5720433767,63.7447886417,402.120043887
248,31.3030943198,66.7036589563,402.339578329
249,33.9484171899,69.8499380732,402.607059114
250,36.4933204783,73.2086372553,402.910739087
251,38.9210486789,76.8053705803,403.238727347
252,41.2125797245,80.6652820368,403.57923864
253,43.3465171923,84.811362022,403.920837166
254,45.2991536868,89.2620204557,404.252670253
255,47.0448042214,94.0278748728,404.5646876
256,48.5565185568,99.1079082859,404.847842193
257,49.8072612432,104.485485412,405.094269361
258,50.7715770953,110.12511388,405.297440896
259,51.4276289075,115.97115009,405.45229164
260,51.7593264092,121.94959102,405.555316451
261,51.7581280157,127.973449108,405.604635948
262,51.4240796561,133.95105872,405.600029991
263,50.7658095093,139.795514398,405.542938362
264,49.7994800771,145.432957777,405.436428673
265,48.5469809486,150.807921345,405.285132023
266,47.0337986119,155.885089829,405.095147505
267,45.2869809316,160.647982199,404.873917143
268,43.3334757575,165.095702045,404.630073384
269,41.1989554067,169.238950904,404.373261738
270,38.9071083333,173.096191135,404.113941655
271,36.4793088274,176.690440017,403.863169153
272,33.9345557477,-179.953149995,403.632365104
273,31.2895816214,-176.80896871,403.433073444
274,28.5590559181,-173.852016397,403.276713831
275,25.7558298056,-171.058514877,403.174333514
276,22.8911892275,-168.406197718,403.136363251
277,19.9750974362,-165.874386136,403.172382164
278,17.0164177333,-163.443931804,403.29089633
279,14.0231131991,-161.097077596,403.499135702
280,11.0024237412,-158.817274549,403.802873664
281,7.9610227355,-156.588976443,404.206273103
282,4.90515648906,-154.397425333,404.71176236
283,1.84077015565,-152.228435064,405.319943839
284,-1.22637615782,-150.068175867,406.029537344
285,-4.29059737427,-147.902960698,406.837359494
286,-7.34617585176,-145.719032713,407.738339776
287,-10.3872525786,-143.502352948,408.725573023
288,-13.4077135273,-141.238386417,409.79040731
289,-16.4010675155,-138.911889437,410.922565514
290,-19.3603119153,-136.506697211,412.110298089
291,-22.2777826493,-134.00552006,413.340564004
292,-25.1449852405,-131.389758587,414.599236215
293,-27.9524044901,-128.639357406,415.871327647
294,-30.6892919944,-125.732728794,417.141233313
295,-33.3434337366,-122.646794269,418.392983956
296,-35.9009051701,-119.357214114,419.610506523
297,-38.3458295428,-115.838901605,420.777886724
298,-40.6601677575,-112.066946454,421.879629037
299,-42.8235855127,-108.018091363,422.900909665
300,-44.8134651528,-103.672896211,423.827818196
301,-46.6051518697,-99.018662021,424.647584012
302,-48.1725377327,-94.0530199149,425.348783835
303,-49.4890770223,-88.7878144858,425.921527172
304,-50.5292730911,-83.2525324944,426.357616851
305,-51.2705674159,-77.4961889435,426.65068225
306,-51.6954073437,-71.5865154235,426.796283257
307,-51.7931222562,-65.6057437767,426.79198348
308,-51.5611812321,-59.6432648573,426.637391625
309,-51.0055041815,-53.7865993162,426.334170469
310,-50.1397405534,-48.1128184378,425.886013262
311,-48.9837120485,-42.6823604329,425.298587886
312,-47.5614077081,-37.5362297926,424.579449526
313,-45.8989515123,-32.6964047978,423.737923071
314,-44.0228590712,-28.1684952512,422.784956934
315,-41.9587413185,-23.9454709321,421.732950403
316,-39.7304732596,-20.0114933799,420.595557084
317,-37.3597595759,-16.3452610175,419.387467448
318,-34.8659954696,-12.9226235185,418.124173847
319,-32.2663230507,-9.71845314041,416.821721799
320,-29.5758022854,-6.70787875434,415.49645162
321,-26.8076382532,-3.86702659342,414.164734801
322,-23.9734266479,-1.17340461579,412.84270971
323,-21.0833948884,1.39395343952,411.546021347
324,-18.1466269234,3.85450219465,410.289569934
325,-15.1712667325,6.22629402819,409.087273038
326,-12.1646997286,8.52614412243,407.951845806
327,-9.13371364499,10.7698249842,406.894603587
328,-6.0846417382,12.9722746857,405.925290854
329,-3.02349171668,15.1478100194,405.051939858
330,0.0439359828962,17.3103403105,404.280761868
331,3.11193690578,19.4735804859,403.61607317
332,6.17479462944,21.6512634825,403.060257309
333,9.22667252155,23.8573539959,402.613764247
334,12.261501558,26.1062620268,402.275146339
335,15.2728605076,28.4130597714,402.04113023
336,18.2538447446,30.7936977933,401.906722985
337,21.1969199706,33.2652169534,401.865350081
338,24.0937573347,35.8459466234,401.909022177
339,26.9350470356,38.555672549,402.028527051
340,29.7102888051,41.415746894,402.213642598
341,32.4075601989,44.449097527,402.453366401
342,35.0132680981,47.6800725952,402.736157149
343,37.5118962311,51.1340298788,403.050183021
344,39.88577299,54.8365506096,403.383572116
345,42.1149003287,58.8121333678,403.724660078
346,44.1769060464,63.0822154097,404.062230224
347,46.0472057377,67.6624184772,404.385741725
348,47.6994798018,72.559041269,404.685541705
349,49.1065710108,77.7650776435,404.953057498
350,50.2418691884,83.25641005,405.180965719
351,51.0811535315,88.989220863,405.363335271
352,51.6047116419,94.899857518,405.495741896
353,51.7993886452,100.908102648,405.575352373
354,51.6601216175,106.923912729,405.600977005
355,51.1905666528,112.856459265,405.573089561
356,50.4026447752,118.623362232,405.493814353
357,49.3151332146,124.157919383,405.366880701
358,47.951669188,129.412974838,405.197545532
359,46.3386143456,134.361295593,404.992485421
360,44.503149809,138.993302118,404.759659874
361,42.4718107567,143.313381441,404.50814818
362,40.2695116148,147.335878419,404.247962637
363,37.9190068239,151.081482473,403.989841406
364,35.4406847978,154.574342018,403.745024691
365,32.8525878604,157.83996396,403.525018296
366,30.1705681055,160.903806228,403.341348952
367,27.4085129704,163.790417172,403.205316041
368,24.5785965184,166.52297113,403.127744512
369,21.6915298027,169.123078602,403.118743883
370,18.7567959293,171.610773244,403.187478179
371,15.7828634301,174.004608681,403.34195153
372,12.77737644,176.32181901,403.588813932
373,9.74732296651,178.578513293,403.933191304
374,6.69918400736,-179.210114093,404.378543517
375,3.63906696529,-177.029567568,404.926553549
376,0.572827056682,-174.865834097,405.577050224
377,-2.4938195454,-172.70516868,406.327966347
378,-5.55518713584,-170.533880614,407.175333244
379,-8.60551282029,-168.338122108,408.11331196
380,-11.6388461487,-166.103674877,409.134260546
381,-14.6489324005,-163.815736751,410.228836149
382,-17.6290858617,-161.458708343,411.386129829
383,-20.5720494569,-159.015983562,412.593831402
384,-23.4698372705,-156.469751806,413.838421014
385,-26.3135569835,-153.80082613,415.105383631
386,-29.0932103492,-150.988521252,416.379442267
387,-31.7974719631,-148.010619013,417.644805463
388,-34.4134503905,-144.843477739,418.885424358
389,-36.9264420714,-141.462366301,420.085254631
390,-39.3196983711,-137.842130341,421.228518587
391,-41.5742406889,-133.958327522,422.299962811
392,-43.6687779383,-129.788973552,423.285106982
393,-45.5798033204,-125.317018905,424.17047972
394,-47.2819675019,-120.533571836,424.943837631
395,-48.7488315177,-115.441674782,425.594364114
396,-49.9540771609,-110.06011274,426.11284485
397,-50.8731767243,-104.426349072,426.491817326
398,-51.4853924302,-98.5974240331,426.725692202
399,-51.7758160782,-92.6477747036,426.810844732
400,-51.737039425,-86.6636239748,426.74567493
401,-51.3700488451,-80.7347091172,426.530635615
402,-50.6841032019,-74.9451694613,426.168227931
403,-49.6956287971,-69.3657638398,425.662964368
404,-48.4264242936,-64.0490355589,425.021299803
405,-46.9015971067,-59.0279165328,424.251531499
406,-45.1476209318,-54.3172071134,423.363669483
407,-43.1907671351,-49.9168142015,422.369279156
408,-41.0560048318,-45.8156192404,421.281298449
409,-38.7663449622,-41.9951584017,420.113832259
410,-36.342540778,-38.4326790317,418.881927339
411,-33.8030407781,-35.1034394063,417.601331184
412,-31.1641009853,-31.9822994718,416.288238836
413,-28.4399849958,-29.0447340687,414.959031824
414,-25.6432024011,-26.2674102732,413.630013717
415,-22.7847545092,-23.628460388,412.317146955
416,-19.874369689,-21.107551442,411.035795696
417,-16.9207196813,-18.6858259148,409.800479463
418,-13.931613891,-16.3457652508,408.624642235
419,-10.9141720226,-14.0710101441,407.520441453
420,-7.87497726837,-11.8461588964,406.498561083
421,-4.82021317661,-9.65655638233,405.568052457
422,-1.7557877318,-7.48808047263,404.7362061
423,1.31255170229,-5.32692780516,404.008457114
424,4.37910891521,-3.15940202134,403.388326033
425,7.43813122039,-0.971700449029,402.877396281
426,10.4837000294,1.25029932386,402.475328606
427,13.5096159656,3.52125474278,402.179912043
428,16.5092748029,5.85657487821,401.987150199
429,19.475530485,8.27263571732,401.891380863
430,22.4005415614,10.7869879042,401.88542628
431,25.2755977108,13.4185449527,401.96077077
432,28.0909238705,16.1877313095,402.107761869
433,30.8354612303,19.1165570271,402.315830708
434,33.4966275815,22.2285679573,402.573727039
435,36.0600650667,25.5485981558,402.869764102
436,38.5093923218,29.1022193094,403.192068416
437,40.8259914631,32.9147587519,403.528829605
438,42.9888790607,37.0097323982,403.868545453
439,44.9747332977,41.4065536622,404.200257584
440,46.7581727286,46.1174530981,404.513773456
441,48.312395432,51.1437221534,404.79987066
442,49.6102739213,56.4717011908,405.050479952
443,50.6259401922,62.0693311874,405.258843844
444,51.3367742636,67.8844321573,405.419648092
445,51.7255445459,73.8458979262,405.529123871
446,51.7822992423,79.8684611376,405.585118985
447,51.5055641671,85.8605924153,405.587136949
448,50.9025272094,91.7339056569,405.536343328
449,49.988157711,97.4117984819,405.435539256
450,48.7835016439,102.835388494,405.289102582
451,47.313574931,107.965886483,405.10289763
452,45.6052867051,112.783740797,404.884155075
453,43.6857005292,117.285631591,404.641323972
454,41.5807730442,121.480537188,404.383898448
455,39.3145697855,125.385825534,404.122222056
456,36.9088770862,129.023919971,403.867273245
457,34.383101758,132.419743,403.630435778
458,31.7543567981,135.598917271,403.423258318
459,29.0376527339,138.586603389,403.257207656
460,26.2461380461,141.406819863,403.143420319
461,23.3913524914,144.082105964,403.092457382
462,20.4834723459,146.633414556,403.114067376
463,17.5315369409,149.080151437,403.216962125
464,14.543652434,151.440303007,403.408610125
465,11.5271726677,153.730613664,403.695051855
466,8.48885913652,155.966788537,404.080740969
467,5.43502317495,158.163706868,404.568414838
468,2.37165395658,160.335639133,405.158997317
469,-0.695463964886,162.496461734,405.851535949
470,-3.7606398447,164.659871623,406.643175069
471,-6.81816899013,166.839598789,407.529165521
472,-9.86222442126,169.04961868,408.502910905
473,-12.8867443205,171.304365298,409.556049468
474,-15.8853116222,173.618944904,410.678570031
475,-18.8510220816,176.009348401,411.858959607
476,-21.7763372316,178.492657255,413.084379759
477,-24.6529189126,-178.912767243,414.340868151
478,-27.4714427614,-176.187129183,415.613561352
479,-30.2213895074,-173.309106865,416.886934535
480,-32.890815659,-170.255868993,418.145053529
481,-35.466109906,-167.003266589,419.37183451
482,-37.9317492741,-163.526289166,420.551306596
483,-40.270080817,-159.799907639,421.66787268
484,-42.4611712239,-155.800444663,422.706563978
485,-44.4827878282,-151.507612643,423.65328399
486,-46.3105970862,-146.907306195,424.495037875
487,-47.9186828031,-141.995093771,425.220143543
488,-49.2804818575,-136.780092522,425.818421195
489,-50.3701907137,-131.28854581,426.281358389
490,-51.1645963051,-125.566062344,426.602248192
491,-51.6451359116,-119.677340977,426.776298359
492,-51.7998371358,-113.702556832,426.800709995
493,-51.6247108536,-107.730487004,426.674724525
494,-51.1242401396,-101.849629853,426.399638337
495,-50.3108307871,-96.1393912625,425.978784843
496,-49.2033742132,-90.6633837683,425.417484213
497,-47.8252886812,-85.4660225833,424.722961448
498,-46.2024649203,-80.5724327665,423.904233959
499,-44.36145703,-75.9908029607,422.971970226
500,-42.3281043052,-71.7160073469,421.938321599
501,-40.1266228027,-67.733472855,420.816729723
502,-37.7791092397,-64.0226335892,419.621712509
503,-35.3053582911,-60.5596782995,418.368631974
504,-32.7228915938,-57.3195439969,417.073447667
505,-30.0471136847,-54.2772503682,415.752459714
506,-27.291532756,-51.4087152904,414.422045831
507,-24.468004991,-48.6911924295,413.098396857
508,-21.5869775334,-46.1034492437,411.797255517
509,-18.6577166227,-43.6257756156,410.533663189
510,-15.6885149268,-41.2398875155,409.321719394
511,-12.6868767016,-38.9287693418,408.174358628
512,-9.65968204706,-36.6764833003,407.103148842
513,-6.61333293501,-34.4679620768,406.118115588
514,-3.55388434908,-32.2887971368,405.227595329
515,-0.487164140713,-30.1250241949,404.438120868
516,2.58111473518,-27.9629101736,403.754341222
517,5.64524595386,-25.7887406056,403.178977513
518,8.69942189079,-23.5886067279,402.71281571
519,11.7376223856,-21.3481912311,402.35473626
520,14.7534965156,-19.052552284,402.101779838
521,17.7402336467,-16.6859069945,401.949247671
522,20.6904200284,-14.2314182103,401.890834173
523,23.5958773672,-11.6709929824,401.91878894
524,26.4474803179,-8.98510799904,402.024104556
525,29.2349509931,-6.15268627552,402.196726205
526,31.9466308639,-3.15106750144,402.425778651
527,34.5692345003,0.0438714194612,402.699805893
528,37.0875964185,3.45735754289,403.007018638
529,39.4844329835,7.1150107483,403.335544669
530,41.7401569125,11.041638224,403.673677236
531,43.8328026609,15.2593827352,404.010116757
532,45.7381448844,19.7851056887,404.334201319
533,47.430112933,24.6269989808,404.636121785
534,48.8816090533,29.7806503411,404.907117694
535,50.0658073148,35.225141488,405.139650513
536,50.9579248582,40.9201613401,405.327551304
537,51.5373135485,46.8053611161,405.466140298
538,51.7895519109,52.8029988577,405.552316425
539,51.7081006538,58.8241257995,405.584615325
540,51.2951072977,64.7773624497,405.563234917
541,50.5611387733,70.5782663763,405.490028125
542,49.5239167842,76.1570392802,405.368462906
543,48.2063912011,81.46302103,405.203550249
544,46.6345983431,86.4656309549,405.00174134
545,44.8356962004,91.1524716566,404.770795631
546,42.8364152925,95.5258004491,404.519622031
547,40.662000629,99.5985139037,404.258095947
548,38.3356036827,103.390431527,403.996855367
549,35.8780265571,106.925274678,403.747079584
550,33.3077098595,110.228433709,403.520254586
551,30.6408704334,113.325450474,403.32792942
552,27.8917185772,116.241073496,403.18146815
553,25.0727072001,118.998735371,403.091802162
554,22.1947836583,121.620322662,403.069187713
555,19.2676281052,124.126137856,403.122973583
556,16.2998708359,126.534981033,403.261383592
557,13.2992864487,128.864301681,403.491318521
558,10.2729657412,131.130389557,403.818181659
559,7.22746791244,133.348582199,404.245731721
560,4.16895643721,135.533481032,404.775966403
561,1.10332228755,137.699167595,405.409039154
562,-1.9637017567,139.859418543,406.14321109
563,-5.02643200123,142.027918954,406.974839205
564,-8.07912627753,144.21847476,407.898401253
565,-11.1158743012,146.445225373,408.906556902
566,-14.1304823129,148.722857129,409.990243955
567,-17.1163483446,151.066816829,411.138807722
568,-20.0663244626,153.493522318,412.340160942
569,-22.9725624758,156.020562947,413.580971037
570,-25.8263400163,158.666877961,414.846870991
571,-28.6178648675,161.452888337,416.122689704
572,-31.336057326,164.400550538,417.392697402
573,-33.9683138509,167.533276859,418.640861447
574,-36.500261094,170.87564727,419.851107834
575,-38.9155186586,174.452808994,421.007583653
576,-41.1955026303,178.289433385,422.094915879
577,-43.3193205308,-177.591915124,423.098462087
578,-45.2638306603,-173.173124304,424.004548866
579,-47.0039600423,-168.443634578,424.800694089
580,-48.5133849288,-163.404146783,425.475809492
581,-49.7656591877,-158.070478528,426.020380436
582,-50.7358096795,-152.476731046,426.426620143
583,-51.402294998,-146.676623478,426.688596101
584,-51.7490652079,-140.741896466,426.80232681
585,-51.7673271703,-134.757272455,426.76584746
586,-51.4565969478,-128.812537781,426.579243606
587,-50.8247591008,-122.993417512,426.244652357
588,-49.8871164857,-117.373422147,425.766231023
589,-48.6646856649,-112.008434338,425.150093666
590,-47.182149134,-106.934734819,424.404216414
591,-45.4658693315,-102.170057803,423.538312874
592,-43.5422445497,-97.7166107098,422.563681434
593,-41.4365272173,-93.5649035857,421.493026673
594,-39.1720964944,-89.6975023579,420.340257556
595,-36.7701046364,-86.0922096058,419.120265505
596,-34.2493935013,-82.7244949713,417.848685831
597,-31.6265850746,-79.5692008777,416.54164638
598,-28.9162704756,-76.6016443069,415.215507572
599,-26.1312444251,-73.7982599121,413.886598261
600,-23.2827512839,-71.1369174718,412.570952055
601,-20.3807230136,-68.5970204592,411.284048831
602,-17.4339991135,-66.1594649198,410.040566225
603,-14.4505247608,-63.806512798,408.854145765
604,-11.4375270677,-61.5216188785,407.737178168
605,-8.40167142192,-59.2892311627,406.700612
606,-5.34920092932,-57.0945810172,405.753789488
607,-2.28606244237,-54.9234696085,404.904312812
608,0.781977180592,-52.7620542254,404.157943539
609,3.84922092353,-50.5966353988,403.518537247
610,6.90993392639,-48.4134443129,402.988014601
611,9.95823463199,-46.1984294515,402.566369382
612,12.9879811092,-43.9370416156,402.25171319
613,15.9926488472,-41.6140174501,402.040355702
614,18.965196276,-39.2131637731,401.926918664
615,21.8979143236,-36.7171471917,401.904481037
616,24.7822565937,-34.1073023277,401.964752102
617,27.6086474845,-31.3634741646,402.098268774
618,30.3662671196,-28.4639277619,402.294612925
619,33.0428148811,-25.3853717845,402.542644156
620,35.6242584215,-22.103165884,402.830743255
621,38.0945832993,-18.5918094567,403.147061431
622,40.4355710014,-14.8258388291,403.479770421
623,42.6266508876,-10.7812821264,403.817308651
624,44.6448940806,-6.4378171856,404.1486188
625,46.4652410322,-1.78171704541,404.463372402
626,48.061070608,3.19049153908,404.752177427
627,49.4052112165,8.46801229606,405.006765177
628,50.4714431058,14.022158178,405.220153265
629,51.2364302495,19.8042401419,405.386781917
630,51.6818598216,25.7461874329,405.502621309
631,51.7964093022,31.7646899186,405.565248187
632,51.5770930083,37.7686423761,405.573890522
633,51.0296343014,43.6684449598,405.529439496
634,50.1677594708,49.3849366836,405.434428636
635,49.0116082423,54.8558969034,405.292980463
636,47.5856638496,60.0390409148,405.110721539
637,45.9166444902,64.9116593876,404.894667345
638,44.0316914032,69.4678933312,404.653078901
639,41.9570216871,73.7148827465,404.395293599
640,39.7170658449,77.6688029177,404.13153313
641,37.3340186767,81.351408186,403.872691902
642,34.8276969012,84.78733731,403.63010972
643,32.215599101,88.0021912327,403.415332871
644,29.5130834763,91.0212710896,403.239868069
645,26.7336028712,93.8688254139,403.114933941
646,23.8889577259,96.5676626009,403.051214881
647,20.9895437141,99.1390105394,403.05862217
648,18.0445819523,101.602536077,403.146067177
649,15.0623268041,103.97645964,403.321251355
650,12.0502506045,106.277726781,403.59047742
651,9.01520704049,108.522207638,403.958485778
652,5.96357616839,110.724909332,404.428319748
653,2.90139460343,112.90019228,405.001222564
654,-0.165525395433,115.06198616,405.676568495
655,-3.23148421237,117.224004169,406.451829672
656,-6.2907868472,119.399955838,407.322579477
657,-9.33763493257,121.603759428,408.28253253
658,-12.3660151677,123.84975488,409.323620547
659,-15.3695805242,126.152917319,410.43610257
660,-18.3415205619,128.529070612,411.608707343
661,-21.2744172409,130.995093948,412.828804991
662,-24.1600828441,133.569115673,414.082604543
663,-26.9893772326,136.270675572,415.355373421
664,-29.752002956,139.120829852,416.631674605
665,-32.4362792082,142.142156979,417.895616941
666,-35.0288999549,145.358602593,419.131113913
667,-37.5146886782,148.795076342,420.322146138
668,-39.8763731675,152.4766854,421.453022888
669,-42.0944195153,156.427465679,422.508638097
670,-44.1469849222,160.668467446,423.474716508
671,-46.0100716436,165.215095115,424.33804588
672,-47.6579825515,170.073721566,425.086691548
673,-49.0641791353,175.237842514,425.710189942
674,-50.2026065754,-179.31561813,426.199718116
675,-51.0494607775,-173.628863203,426.548236743
676,-51.5852298206,-167.763457697,426.750604468
677,-51.7966845133,-161.797315819,426.803661965
678,-51.6783953274,-155.818332216,426.706284479
679,-51.2333945922,-149.915713202,426.459402118
680,-50.4728031675,-144.170992207,426.065987566
681,-49.4145246116,-138.650848313,425.531011401
682,-48.0813455128,-133.403100062,424.861365603
683,-46.4988694948,-128.456086358,424.065756332
684,-44.6936479609,-123.820680022,423.15456749
685,-42.6917212311,-119.493772651,422.139697032
686,-40.5176312314,-115.462157337,421.034368451
687,-38.1938607663,-111.706084967,419.852920266
688,-35.7406042801,-108.202141519,418.610576795
689,-33.1757669952,-104.925368018,417.323203827
690,-30.515104025,-101.850699126,416.007053218
691,-27.772433424,-98.9538576886,414.678500672
692,-24.9598786293,-96.2118484949,413.353781245
693,-22.0881128934,-93.6031731776,412.048727262
694,-19.1665905734,-91.1078638175,410.778513409
695,-16.2037582514,-88.7074004216,409.557413737
696,-13.207243684,-86.3845616335,408.398575218
697,-10.1840235038,-84.1232381752,407.313812231
698,-7.14057216515,-81.9082280609,406.313426035
699,-4.08299540063,-79.7250244747,405.40605284
700,-1.01715176229,-77.5596019177,404.59854352
701,2.05123408965,-75.3982028546,403.895877408
702,5.11646269603,-73.227125066,403.301111887
703,8.17275207152,-71.0325088792,402.815368738
704,11.2141273027,-68.8001233769,402.437857406
705,14.234303796,-66.5151500235,402.16593458
706,17.2265604497,-64.1619670486,401.995198659
707,20.1835990101,-61.723934553,401.919616955
708,23.0973859984,-59.1831902686,401.931682807
709,25.9589740238,-56.5204687138,402.022599163
710,28.7583003186,-53.7149671676,402.182484672
711,31.4839623687,-50.7442954536,402.400597937
712,34.1229742165,-47.5845655566,402.665575273
713,36.6605132807,-44.2107018422,402.965677115
714,39.0796774673,-40.5970817438,403.289038182
715,41.3612870423,-36.7186450263,403.623916498
716,43.4837856382,-32.552622911,403.958936515
717,45.4233184307,-28.0810188304,404.283321809
718,47.1540875461,-23.2938705302,404.587113077
719,48.6490934924,-18.1931206543,404.861367565
720,49.8813483989,-12.7965836382,405.098336405
721,50.8255718553,-7.14109351629,405.291616854
722,51.4602455371,-1.28362302445,405.436276832
723,51.7697344507,4.70074396736,405.528949717
724,51.7460504623,10.7244190579,405.567897846
725,51.3898272536,16.6957587647,405.553043689
726,50.71024158,22.5284969655,405.485968217
727,49.7239028707,28.1498807184,405.369876501
728,48.4530099061,33.505778518,405.209531134
729,46.9232149231,38.5622087107,405.011154568
730,45.1616062902,43.3038530996,404.782302023
731,43.1950779326,47.7307217135,404.531707087
732,41.0491868399,51.8541529334,404.269102672
733,38.7474733413,55.693007804,404.005020412
734,36.3111522735,59.2705148821,403.75057206
735,33.7590660247,62.6119031669,403.517216827
736,31.1078020744,65.7427702132,403.316518925
737,28.3719004622,68.6880491715,403.159899898
738,25.5640999587,71.4714239199,403.05839046
739,22.6955908988,74.1150554048,403.022386743
740,19.7762565961,76.6395169769,403.061415805
741,16.8148945896,79.0638593008,403.183915204
742,13.8194148141,81.4057529024,403.397031217
743,10.7970151944,83.6816734605,403.706439985
744,7.75433702694,85.9071081834,404.116195434
745,4.69760341947,88.0967705955,404.628607313
746,1.63274443413,90.2648170264,405.244152057
747,-1.43448732635,92.4250619223,405.961418532
748,-4.49840697254,94.5911914168,406.777089929
749,-7.55328975766,96.7769756716,407.685962341
750,-10.5932620509,98.9964820851,408.680999739
751,-13.6121872225,101.26428759,409.753424283
752,-16.6035427859,103.595692997,410.892840185
753,-19.5602851417,106.006934286,412.087388608
754,-22.474698373,108.51538568,413.323930509
755,-25.3382238976,111.139742587,414.588253777
756,-28.1412686294,113.900164251,415.865300597
757,-30.8729910175,116.818343784,417.139410642
758,-33.5210674737,119.917456247,418.394575495
759,-36.071447062,123.22191305,419.614699556
760,-38.5081109152,126.756823815,420.783862737
761,-40.8128657058,130.547040451,421.886580268
762,-42.9652182892,134.615636611,422.908055167
763,-44.942400516,138.981692614,423.834419121
764,-46.7196352116,143.657321237,424.652957852
765,-48.2707470825,148.644042209,425.352317376
766,-49.5692099781,153.928901756,425.922687959
767,-50.589665071,159.481111921,426.355962973
768,-51.3098311366,165.250314159,426.645870285
769,-51.7125723102,171.167610124,426.78807427
770,-51.7877453074,177.150014349,426.78024697
771,-51.5334005988,-176.892031396,426.622107372
772,-50.9560222645,-171.045587689,426.315428244
773,-50.0697402264,-165.386748772,425.864010425
774,-48.8947286139,-159.974672488,425.273624889
775,-47.455186134,-154.849015899,424.551923406
776,-45.7773150517,-150.030533644,423.708319039
777,-43.887605261,-145.523845764,422.753838183
778,-41.811570548,-141.321200137,421.700946309
779,-39.5729473284,-137.406285356,420.563349998
780,-37.1932838419,-133.757530298,419.355778291
781,-34.6918174168,-130.350666117,418.093746775
782,-32.0855410366,-127.160549972,416.793308194
783,-29.3893797587,-124.162359923,415.470793716
784,-26.6164202405,-121.332308003,414.142549234
785,-23.778156522,-118.648004721,412.824671323
786,-20.8847303105,-116.088589153,411.53274757
787,-17.9451544297,-113.63470722,410.281606046
788,-14.9675148029,-111.268397238,409.085078631
789,-11.9591503842,-108.972922159,407.955782737
790,-8.92681273777,-106.73257371,406.904925676
791,-5.87680815235,-104.532463608,405.942135578
792,-2.81512572475,-102.35831027,405.075322223
793,0.252444959168,-100.196225039,404.310570611
794,3.32020288089,-98.0324993476,403.652069404
795,6.38242773806,-95.8533914775,403.102075649
796,9.43327155396,-93.6449144294,402.660916424
797,12.4666460974,-91.3926205805,402.327027244
798,15.4761024166,-89.0813855568,402.097026268
799,18.4546987466,-86.6951920087,401.965822599
800,21.3948530774,-84.2169182481,401.926756225
801,24.2881768973,-81.6281414592,401.971766508
802,27.1252872571,-78.9089727247,402.091585557
803,29.8955956783,-76.0379522249,402.27595236
804,32.5870750634,-72.9920487844,402.513843171
805,35.1860104074,-69.7468295215,402.793713412
806,37.6767467513,-66.2768910551,403.103746206
807,40.041459604,-62.5566769135,403.43210262
808,42.2599899236,-58.561824393,403.767168791
809,44.3098075584,-54.2711924846,404.097795239
810,46.1661909969,-49.6696705425,404.413523951
811,47.8027296299,-44.7517301868,404.704799122
812,49.1922528774,-39.5254205377,404.963157816
813,50.3082481885,-34.0161294158,405.18139724
814,51.1267297562,-28.269045307,405.35371578
815,51.6283655309,-22.3490854572,405.475825435
816,51.8005060726,-16.3373804417,405.545033803
817,51.63866853,-10.3243285304,405.560294275
818,51.147092992,-4.40046905256,405.52222365
819,50.3382166037,1.35268019399,405.433086884
820,49.2312116644,6.86965577301,405.29674926
821,47.8499659455,12.1046712344,405.118596755
822,46.2209525586,17.0317805867,404.905425959
823,44.3713499921,21.6424734652,404.665305367
824,42.3276097127,25.9419353242,404.407410415
825,40.1145133196,29.9450473559,404.141835085
826,37.7546592709,33.6728156063,403.879383379
827,35.2682753704,37.1495387215,403.63134437
828,32.6732504703,40.4007588523,403.409254926
829,29.9852968614,43.4518950973,403.224654506
830,27.2181787513,46.3274142779,403.088836667
831,24.3839641643,49.0503894099,403.012602114
832,21.4932746173,51.6423239088,403.006018161
833,18.5555188525,54.1231480343,403.078189462
834,15.5791046524,56.5113212722,403.237044739
835,12.5716274752,58.8239959271,403.489143972
836,9.54003733433,61.0772131724,403.839510164
837,6.49078674455,63.2861140485,404.291489342
838,3.42996320988,65.4651555108,404.846641874
839,0.363409960201,67.628326456,405.504667561
840,-2.70316132508,69.7893629648,406.263366222
841,-5.76406211137,71.9619603062,407.118634757
842,-8.81351927377,74.1599860045,408.064500873
843,-11.8455644047,76.3976924844,409.093192865
844,-14.8539165236,78.6899306792,410.19524409
845,-17.8318545274,81.0523632695,411.359630029
846,-20.7720757506,83.5016736879,412.573935187
847,-23.6665371896,86.0557626934,413.824546481
848,-26.5062764706,88.7339176796,415.09686929
849,-29.2812107907,91.5569300436,416.375561951
850,-31.9799142885,94.5471217099,417.64478419
851,-34.5893782523,97.7282238717,418.888454839
852,-37.0947651422,101.125022967,420.090514085
853,-39.4791776429,104.762666814,421.235185548
854,-41.7234788399,108.665492648,422.307233618
855,-43.80621933,112.855233243,423.292211652
856,-45.7037497467,117.348487764,424.176696918
857,-47.3906168617,122.153451296,424.948508495
858,-48.8403460698,127.266115175,425.59690469
859,-50.0266845793,132.666485496,426.112756944
860,-50.9252998036,138.315748954,426.488697597
861,-51.5157926224,144.155557399,426.719239355
862,-51.7837255204,150.11044484,426.800864701
863,-51.7222515334,156.093659463,426.732083974
864,-51.3329437836,162.015560426,426.513461283
865,-50.6256011403,167.792707523,426.147607876
866,-49.6170838275,173.355480821,425.639143046
867,-48.3294858259,178.65268092,424.99462309
868,-46.7880682669,-176.347300966,424.222439327
869,-45.0193364669,-171.658122577,423.332686605
870,-43.0495022259,-167.278805888,422.33700419
871,-40.9034163184,-163.197613949,421.248391378
872,-38.6039403431,-159.395698167,420.081000605
873,-36.1716679273,-155.850103485,418.849911234
874,-33.6248914204,-152.536017237,417.570887612
875,-30.9797222581,-149.428315418,416.260125318
876,-28.2502950131,-146.502540569,414.933989858
877,-25.4490071452,-143.735454924,413.608752281
878,-22.5867644555,-141.105296285,412.300326388
879,-19.6732153231,-138.591836561,411.024012301
880,-16.7169655501,-136.176315749,409.794251119
881,-13.7257711262,-133.841301558,408.624395347
882,-10.7067094426,-131.570507624,407.526499507
883,-7.66633124988,-129.348590904,406.51113507
884,-4.61079653208,-127.160940473,405.587233381
885,-1.54599783908,-124.993463061,404.761959752
886,1.52232526489,-122.832370571,404.040621241
887,4.58847697913,-120.663966685,403.426609992
888,7.64669763345,-118.474434362,402.921383195
889,10.6910540093,-116.249622151,402.52448001
890,13.7153239484,-113.97482879,402.233574929
891,16.7128715301,-111.634586584,402.044566342
892,19.6765090751,-109.212446386,401.951698235
893,22.5983423229,-106.69077072,401.947712342
894,25.4695954924,-104.050547525,402.024027381
895,28.2804138278,-101.271246019,402.170941512
896,31.0196430522,-98.3307479525,402.377853734
897,33.674588513,-95.2054090966,402.633499596
898,36.2307625523,-91.8703237197,402.926196407
899,38.6716378508,-88.2998992758,403.244093046
900,40.978438306,-84.4688738924,403.575419462
901,43.1300180346,-80.3539284978,403.908731098
902,45.1029023558,-75.9360309068,404.233143631
903,46.8715875445,-71.2035685595,404.538553752
904,48.409208326,-66.1561397893,404.815841996
905,49.6886660701,-60.8085582859,405.057054081
906,50.6842457719,-55.1942239067,405.255557615
907,51.3736249298,-49.3666805337,405.406171535
908,51.7400110765,-43.3981903974,405.505266116
909,51.7739998088,-37.3747276109,405.550831908
910,51.4747115157,-31.3879121513,405.542516497
911,50.8499016158,-25.5255831021,405.481628499
912,49.9150133597,-19.8632893797,405.371108744
913,48.6914312015,-14.4585827876,405.215469137
914,47.2043632529,-9.3488866193,405.020700215
915,45.4807795542,-4.55253651646,404.794148935
916,43.5477031313,-0.0718867873981,404.544368774
917,41.4309823067,4.10273150636,404.280944662
918,39.154536556,7.98912869119,404.014295817
919,36.7399914638,11.6099709516,403.755459912
920,34.2065940799,14.9902779737,403.515862492
921,31.5713080849,18.1556725064,403.307075834
922,28.849010012,21.131255182,403.140571778
923,26.0527314981,23.9409521227,403.027473259
924,23.1939125844,26.6071966896,402.978309389
925,20.2826459357,29.1508346256,403.002778972
926,17.3279019025,31.5911710122,403.109527274
927,14.337730709,33.9461023747,403.30594067
928,11.3194418118,36.2322964569,403.597963515
929,8.2797625533,38.4653959109,403.989941162
930,5.22497927076,40.6602329244,404.484492582
931,2.16106446847,42.8310447057,405.082415385
932,-0.906206212074,44.9916897664,405.782625436
933,-3.97114349901,47.155861606,406.582132468
934,-7.02803680078,49.3373013363,407.476052341
935,-10.0710456854,51.5500101473,408.457655826
936,-13.0940868986,53.8084624732,409.518452963
937,-16.0907132695,56.1278197154,410.648311337
938,-19.0539808447,58.5241424039,411.835605882
939,-21.9763006687,61.014595371,413.067397202
940,-24.8492719282,63.6176351488,414.329634857
941,-27.6634939181,66.3531621369,415.607381606
942,-30.408355819,69.2426050945,416.88505426
943,-33.0718061217,72.3088952886,418.146676556
944,-35.6401084541,75.5762602837,419.376139359
945,-38.0975985156,79.0697445365,420.557463435
946,-40.4264688956,82.8143348204,421.675060142
947,-42.6066254854,86.8335478906,422.713985533
948,-44.6156805458,91.1473419301,423.660183572
949,-46.4291699554,95.7692715406,424.500714496
950,-48.0210974742,100.702955635,425.22396465
951,-49.3649022078,105.938196489,425.81983454
952,-50.434897528,111.447458659,426.279902234
953,-51.2081260212,117.183766132,426.597559676
954,-51.6664238192,123.081189904,426.768119906
955,-51.7983365439,129.058704381,426.788893658
956,-51.6004592563,135.027253426,426.659234215
957,-51.0778544647,140.898698589,426.380549888
958,-50.2434330588,146.594546345,425.956283926
959,-49.1164675711,152.052445372,425.391862128
960,-47.7206133007,157.229348675,424.694608866
961,-46.0818615208,162.101402086,423.873632702
962,-44.2267561391,166.661464166,422.93968323
963,-42.1810482643,170.915438571,421.904981211
964,-39.9688189704,174.878417888,420.783024535
965,-37.6120083214,178.571272356,419.588372941
966,-35.1302505108,-177.982043883,418.33641486
967,-32.5409141578,-174.756437403,417.043120121
968,-29.8592644926,-171.726969033,415.724782559
969,-27.0986868703,-168.869638835,414.397756904
970,-24.2709316665,-166.161802203,413.078194519
971,-21.3863565543,-163.58233355,411.781782677
972,-18.4541533282,-161.11162585,410.523492173
973,-15.4825537096,-158.73148886,409.31733798
974,-12.4790129977,-156.424988574,408.176157526
975,-9.4503729681,-154.176254209,407.111410916
976,-6.40300675727,-151.970271903,406.133007046
977,-3.34294910404,-149.792671143,405.249159089
978,-0.276015558792,-147.629511101,404.466272273
979,2.79208567468,-145.467067485,403.788866202
980,5.85564561585,-143.291619974,403.21953326
981,8.90884647023,-141.089239247,402.758933883
982,11.9456500341,-138.845572634,402.405828656
983,14.9596788538,-136.545628034,402.157146436
984,17.9440864033,-134.173557453,402.008086901
985,20.8914125545,-131.71244444,401.952255207
986,23.793420792,-129.144103131,401.981825758
987,26.6409141684,-126.448907142,402.08773153
988,29.4235282119,-123.605671076,402.259874888
989,32.1295013727,-120.591628242,402.487355443
990,34.7454278217,-117.38256505,402.758710267
991,37.2560044632,-113.953199769,403.062161573
992,39.6437950113,-110.27792271,403.385866955
993,41.889049936,-106.332041182,403.718167332
994,43.9696421402,-102.093680562,404.047827877
995,45.8612021921,-97.5464557631,404.364267455
996,47.5375570975,-92.6829076125,404.657772408
997,48.9715795726,-87.5084578094,404.919690869
998,50.1365209183,-82.0452779378,405.142604241
999,51.0078109977,-76.3350630187,405.320472885
1000,51.5651620285,-70.439478441,405.448753587
1001,51.7946453759,-64.4372694339,405.524486856
1002,51.6903008936,-58.4178523664,405.546352626
1003,51.2548722692,-52.472425837,405.514693477
1004,50.4994655575,-46.6846474662,405.431504998
1005,49.4422263015,-41.1231093998,405.300393489
1006,48.1063837057,-35.8370906527,405.12650168
1007,46.5181098697,-30.8558420378,404.916403737
1008,44.7045777536,-26.1906338129,404.677971282
1009,42.6924448361,-21.8383520196,404.420212715
1010,40.506828104,-17.7855139186,404.153088582
1011,38.1707235514,-14.0119445749,403.887306213
1012,35.7047704032,-10.4937451415,403.634097263
1013,33.1272519856,-7.20547305086,403.404982202
1014,30.4542408685,-4.12161545559,403.211526089
1015,27.6998195516,-1.21750050438,403.065090259
1016,24.8763305644,1.53020391254,402.9765847
1017,21.9946277787,4.14327607602,402.956226008
1018,19.0643134868,6.64191262082,403.013305793
1019,16.0939541862,9.04481621309,403.155974274
1020,13.0912731655,11.3693517011,403.391043601
1021,10.0633209592,13.6317370797,403.723815086
1022,7.01662632271,15.84725347,404.157934072
1023,3.95733112384,18.0304605978,404.695275648
1024,0.891312839493,20.1954131638,405.335863771
1025,-2.17570160275,22.3558757342,406.07782565
1026,-5.23802693324,24.525535976,406.917382493
1027,-8.28991194497,26.7182170849,407.848876968
1028,-11.3254295654,28.9480904787,408.864836871
1029,-14.3383609584,31.229889302,409.956073789
1030,-17.3220699977,33.5791217487,411.111814779
1031,-20.2693644659,36.0122819095,412.319864391
1032,-23.172340487,38.5470483139,413.566793815
1033,-26.0222071438,41.202460035,414.838153375
1034,-28.8090892518,43.9990451237,416.118704221
1035,-31.5218082614,46.9588664067,417.392664758
1036,-34.1476448588,50.1054302227,418.643967155
1037,-36.6720928821,53.4633801867,419.856519215
1038,-39.0786237018,57.0578704098,421.01446688
1039,-41.3484942468,60.9134861184,422.102452753
1040,-43.4606507964,65.0525663685,423.105866229
1041,-45.3918031009,69.4928057272,424.011081056
1042,-47.1167642602,74.2441044309,424.805676467
1043,-48.6091601669,79.3048302645,425.478638403
1044,-49.8425909563,84.6579786773,426.0205377
1045,-50.7922568197,90.2680954014,426.423682567
1046,-51.4369341659,96.0801136649,426.682243093
1047,-51.7610287071,102.021184651,426.792345969
1048,-51.7563039468,108.005950344,426.752138066
1049,-51.4228708189,113.944610415,426.561817959
1050,-50.7691736399,119.752050764,426.223634931
1051,-49.8109763006,125.355853181,425.741855476
1052,-48.5696195416,130.701477193,425.122697727
1053,-47.0699652886,135.753999434,424.374234749
1054,-45.3384272518,140.496881855,423.506268032
1055,-43.4013569367,144.928859843,422.530173017
1056,-41.28389504,149.060094566,421.458718919
1057,-39.009273239,152.908447143,420.305865528
1058,-36.5984828081,156.496347647,419.086540125
1059,-34.070206195,159.848417676,417.816398026
1060,-31.4409166086,162.989811255,416.511570611
1061,-28.7250716792,165.945149752,415.18840506
1062,-25.9353496494,168.737905523,413.86320022
1063,-23.0828953582,171.390102855,412.551943254
1064,-20.177557185,173.922231239,411.270051824
1065,-17.228105539,176.353294779,410.032126552
1066,-14.2424294494,178.700941542,408.851718454
1067,-11.2277113557,-179.01835935,407.741115817
1068,-8.19058216622,-176.789117807,406.711154702
1069,-5.13725965038,-174.59661233,405.771056839
1070,-2.07367366767,-172.426676363,404.92829818
1071,0.994418118519,-170.265484678,404.188510745
1072,4.06132038059,-168.099340548,403.555419744
1073,7.12129248021,-165.914463152,403.030817193
1074,10.1684394026,-163.696774136,402.614572473
1075,13.1965976126,-161.431682683,402.304679481
1076,16.1992121228,-159.103868316,402.097339224
1077,19.1692010301,-156.697066271,401.987075967
1078,22.098803839,-154.193857852,401.966884316
1079,24.9794101892,-151.575479564,402.028404016
1080,27.8013663835,-148.821669561,402.162118657
1081,30.5537587346,-145.910583285,402.357574079
1082,33.2241757929,-142.818827113,402.603611899
1083,35.7984567825,-139.521681633,402.888613384
1084,38.2604421107,-135.993614116,403.200748756
1085,40.5917547631,-132.20920915,403.528227037
1086,42.7716595391,-128.144667733,403.859541621
1087,44.7770698102,-123.780017224,404.183706944
1088,46.5827950305,-119.102111778,404.490481901
1089,48.1621373179,-114.108330964,404.770575987
1090,49.4879357547,-108.81059661,405.015834517
1091,50.5341018988,-103.238930063,405.219399728
1092,51.2775751457,-97.4434129812,405.375845038
1093,51.7004641153,-91.4933413017,405.481280204
1094,51.791985441,-85.4728342427,405.533425661
1095,51.5497525284,-79.4732026546,405.531654833
1096,50.9800734494,-73.5835982951,405.477003751
1097,50.0971746043,-67.882189146,405.372147812
1098,48.9215637692,-62.4298783263,405.221346112
1099,47.4779438558,-57.2675579621,405.030354242
1100,45.7931157645,-52.4166704724,404.806307029
1101,43.8941949465,-47.8820495994,404.557573182
1102,41.8072983018,-43.655808698,404.293584302
1103,39.5567131273,-39.7212846489,404.024641237
1104,37.1644726658,-36.0564463804,403.761701138
1105,34.6502308335,-32.6365347241,403.516149071
1106,32.0313327142,-29.4359348029,403.299558323
1107,29.3229979342,-26.4293980262,403.123443882
1108,26.5385579749,-23.5927653495,402.999013795
1109,23.6897093542,-20.903334493,402.936923235
1110,20.7867603552,-18.3399859985,402.947036171
1111,17.8388597922,-15.8831570325,403.038199471
1112,14.8542032129,-13.5147201318,403.218034111
1113,11.8402160803,-11.2178097908,403.492747895
1114,8.80371578588,-8.97662152639,403.866973683
1115,5.75105553094,-6.77619897025,404.343636674
1116,2.68825363464,-4.60221747072,404.923853667
1117,-0.378888004091,-2.44076820632,405.606866597
1118,-3.44467255908,-0.278144033862,406.390011884
1119,-6.50340036159,1.89937328379,407.2687264
1120,-9.5492607773,4.10572533386,408.23659002
1121,-12.576220247,6.35529074988,409.285403998
1122,-15.5779028445,8.66309791783,410.405303595
1123,-18.5474596889,11.0450383574,411.584902696
1124,-21.4774236068,13.5180735137,412.81146752
1125,-24.3595456847,16.1004264046,414.071115938
1126,-27.184610999,18.8117410687,415.349038469
1127,-29.9422321728,21.673182159,416.629736658
1128,-32.6206219848,24.707431787,417.897274281
1129,-35.2063507536,27.9385201947,419.135536682
1130,-37.684101574,31.3914011888,420.328493501
1131,-40.0364477769,35.0911549933,421.460460112
1132,-42.2436930622,39.0616793622,422.516353222
1133,-44.283835481,43.3237243775,423.481936315
1134,-46.1327391348,47.892178625,424.344050882
1135,-47.7646148651,52.7726398565,425.090829736
1136,-49.1529096443,57.9575547467,425.711889074
1137,-50.2716648859,63.4225682694,426.198496339
1138,-51.0973100905,69.1240928567,426.543711387
1139,-51.6107130069,74.9992770065,426.742498868
1140,-51.7991511677,80.9692628484,426.791810215
1141,-51.6577797401,86.9457644703,426.690634044
1142,-51.1902237987,92.8398303779,426.440014262
1143,-50.408132829,98.57076708,426.043035599
1144,-49.3298201444,104.073128955,425.504776767
1145,-47.9783375521,109.300480155,424.832231877
1146,-46.3794127642,114.225797019,424.034201214
1147,-44.5596038792,118.839311399,423.121152927
1148,-42.5448731705,123.144966279,422.105057626
1149,-40.359632066,127.15653693,420.999198346
1150,-38.0262070786,130.894114614,419.817958729
1151,-35.5646298839,134.381282301,418.576592741
1152,-32.9926489333,137.643046143,417.290979566
1153,-30.3258756533,140.70443983,415.977367701
1154,-27.5780007939,143.589662533,414.652112562
1155,-24.7610377427,146.321609187,413.331412133
1156,-21.8855664212,148.921669519,412.03104535
1157,-18.9609633197,151.409706106,410.76611799
1158,-15.9956110883,153.804142107,409.550820797
1159,-12.9970859447,156.122114153,408.398204463
1160,-9.97232396821,158.379660684,407.319975815
1161,-6.92776884867,160.591927528,406.326319251
1162,-3.86950438916,162.773380272,405.425746981
1163,-0.803375348603,164.938018111,404.624981089
1164,2.26489971214,167.099587137,403.928869795
1165,5.32961992797,169.271792782,403.340339589
1166,8.3849943374,171.468513301,402.860384127
1167,11.4250311611,173.704012831,402.488090028
1168,14.4434204723,175.993157869,402.22069887
1169,17.4334065306,178.3516337,402.05370394
1170,20.3876460419,-179.203841758,401.980979524
1171,23.2980487475,-176.655314648,401.994939873
1172,26.1555972075,-173.983416691,402.086724362
1173,28.9501437136,-171.167235572,402.246404867
1174,31.6701844004,-168.184272349,402.463210968
1175,34.30261447,-165.010543419,402.725768323
1176,36.8324749307,-161.620909895,403.022345361
1177,39.2427114784,-157.98974534,403.341103372
1178,41.5139812029,-154.092083946,403.670345128
1179,43.6245630462,-149.905398071,403.998757289
1180,45.550451725,-145.412133072,404.315642071
1181,47.2657363941,-140.603021097,404.611133947
1182,48.743372525,-135.480979329,404.87639752
1183,49.9564294791,-130.065054387,405.103803094
1184,50.8798171069,-124.393470535,405.287076945
1185,51.4923564244,-118.524562593,405.421423745
1186,51.7788908365,-112.534502838,405.503619121
1187,51.7320081048,-106.511458932,405.532070828
1188,51.3529480791,-100.547005375,405.506847553
1189,50.6514482368,-94.726708969,405.42967489
1190,49.6445702858,-89.1221580748,405.303898576
1191,48.3548217644,-83.7860982914,405.134415597
1192,46.8080162541,-78.7511422143,404.927574317
1193,45.031276117,-74.0314245378,404.691045287
1194,43.0514341876,-69.6260191845,404.433664928
1195,40.8939252198,-65.5229488641,404.165254749
1196,38.5821352278,-61.7029561892,403.896419248
1197,36.1371142821,-58.1426058442,403.638326063
1198,33.5775438571,-54.8165975918,403.402472347
1199,30.9198627258,-51.6993519821,403.200441665
1200,28.1784785165,-48.7660066669,403.043655989
1201,25.3660151932,-45.9929772299,402.943127552
1202,22.4935655535,-43.3582117264,402.909215453
1203,19.5709314457,-40.8412449614,402.951391863
1204,16.6068434636,-38.4231265598,403.078022639
1205,13.6091575089,-36.0862744967,403.296166905
1206,10.5850288962,-33.8142877522,403.611399858
1207,7.5410664512,-31.5917390104,404.027662616
1208,4.48346991148,-29.4039595756,404.547142411
1209,1.41815429015,-27.2368228884,405.170185805
1210,-1.64913505712,-25.0765294869,405.895246906
1211,-4.7127129481,-22.9093928498,406.718871837
1212,-7.76684681102,-20.7216279104,407.635719903
1213,-10.8056474119,-18.4991377923,408.638621135
1214,-13.8229542382,-16.2273005967,409.71866909
1215,-16.8122118821,-13.8907557551,410.865347065
1216,-19.7663337718,-11.473192895,412.066685168
1217,-22.6775497124,-8.95714970923,413.309445109
1218,-25.5372340844,-6.32383107021,414.579329025
1219,-28.3357124383,-3.55297026352,415.861208245
1220,-31.0620460199,-0.622765706734,417.139367565
1221,-33.7037970343,2.4900559428,418.397760434
1222,-36.2467830085,5.80997780172,419.620270296
1223,-38.6748374739,9.36212867497,420.790973377
1224,-40.9696073912,13.1712922258,421.894398274
1225,-43.1104358664,17.2603420883,422.915777889
1226,-45.0744007816,21.6479732788,423.84128948
1227,-46.8366016882,26.3456759662,424.658278933
1228,-48.3707988999,31.3540748284,425.355465677
1229,-49.6504938749,36.6590552634,425.923125076
1230,-50.650479332,42.2284783603,426.353245539
1231,-51.3487702715,48.0106046807,426.639658007
1232,-51.7286698534,53.9353543218,426.778135939
1233,-51.780584616,59.9190023068,426.766464347
1234,-51.5031657917,65.871863232,426.604476904
1235,-50.9034753133,71.7073925236,426.29406058
1236,-49.9961305832,77.350533262,425.839127734
1237,-48.801659116,82.7434607607,425.245556039
1238,-47.3444658245,87.847903975,424.521097065
1239,-45.6508252576,92.6443561316,423.675254812
1240,-43.7471946156,97.1291991143,422.71913593
1241,-41.6589836244,101.310910659,421.665273812
1242,-39.4097838266,105.206273708,420.527429183
1243,-37.0209815863,108.837124864,419.32037024
1244,-34.5116517983,112.227846187,418.05963578
1245,-31.8986345614,115.403591005,416.761285148
1246,-29.1967169629,118.389126284,415.441639132
1247,-26.418864765,121.208149955,414.117016219
1248,-23.5764683753,123.882945517,412.803468828
1249,-20.6795822232,126.434265241,411.516524251
1250,-17.7371467917,128.881360104,410.270935065
1251,-14.7571890318,131.242099109,409.08044371
1252,-11.7470007859,133.533139701,407.957565763
1253,-8.71329703174,135.770124944,406.913396136
1254,-5.66235689265,137.96789283,405.957442057
1255,-2.60015086642,140.140689521,405.097486165
1256,0.467542089582,142.302383747,404.3394825
1257,3.53502395406,144.466678743,403.687487466
1258,6.59656987465,146.647325477,403.143627123
1259,9.64631960628,148.858335699,402.708101396
1260,12.6781645027,151.11419673,402.379224982
1261,15.6856263607,153.430087828,402.153503952
1262,18.6617243758,155.82209627,402.025746263
1263,21.5988265035,158.307428088,401.989203711
1264,24.4884817685,160.904603305,402.035742173
1265,27.3212307344,163.633617792,402.156036452
1266,30.086392792,166.516042288,402.33978556
1267,32.7718316727,169.57501409,402.575943931
1268,35.3637054076,172.83505163,402.852963804
1269,37.8462148466,176.321600767,403.159043889
1270,40.2013769679,-179.939813845,403.48237941
1271,42.4088664416,-175.924979043,403.811408685
1272,44.445991006,-171.613073152,404.135051591
1273,46.2878900983,-166.989530009,404.442935503
1274,47.9080636878,-162.049635431,404.725604614
1275,49.2793342825,-156.802533072,404.974708947
1276,50.375299147,-151.274933618,405.183169759
1277,51.1722253292,-145.51344007,405.345318537
1278,51.6511831666,-139.584257209,405.457007248
1279,51.8000520184,-133.56942368,405.515688035
1280,51.6149502835,-127.559659611,405.520461047
1281,51.1007180155,-121.64516082,405.472089653
1282,50.2703176923,-115.906520772,405.3729828
1283,49.1433193341,-110.407907471,405.227144808
1284,47.7438588266,-105.193694024,405.040093464
1285,46.0985151482,-100.288510602,404.818747745
1286,44.2344571435,-95.6997828799,404.571287082
1287,42.1780453718,-91.4215211538,404.306984531
1288,39.953921929,-87.4383081959,404.036016731
1289,37.5845234464,-83.7288251289,403.769253969
1290,35.0899121736,-80.2686274968,403.518034097
1291,32.487819394,-77.0321441949,403.293924414
1292,29.7938142436,-73.9940000009,403.108475937
1293,27.0215349828,-71.1298139821,402.972974723
1294,24.1829414108,-68.4166186784,402.898195071
1295,21.288563768,-65.8330211851,402.894159486
1296,18.3477350679,-63.3591974359,402.96991026
1297,15.3688012982,-60.9767843008,403.133297381
1298,12.3593084741,-58.6687129352,403.390787218
1299,9.32616809646,-56.4190112081,403.747296077
1300,6.27580390576,-54.212592253,404.206052238
1301,3.21428343218,-52.035037607,404.768489531
1302,0.147438056536,-49.8723820902,405.434174847
1303,-2.91902468107,-47.7108986712,406.200771261
1304,-5.97941283309,-45.5368856824,407.064037696
1305,-9.02794221157,-43.3364544083,408.017865255
1306,-12.0586253421,-41.0953161973,409.054349554
1307,-15.0651535622,-38.7985688028,410.163897653
1308,-18.0407686016,-36.430483263,411.335367409
1309,-20.9781200196,-33.9742954328,412.556236473
1310,-23.8691050782,-31.4120107507,413.812797537
1311,-26.704688185,-28.7242378244,415.090375954
1312,-29.4746982542,-25.8900753473,416.37356552
1313,-32.1676046543,-22.8870947913,417.646477862
1314,-34.7702765209,-19.6914750321,418.893000779
1315,-37.2677370035,-16.2783758038,420.09706079
1316,-39.642934557,-12.6226614047,421.242885173
1317,-41.8765686205,-8.70011196861,422.315258946
1318,-43.9470270457,-4.48926656185,423.299772398
1319,-45.8305153572,0.0259933334065,424.183055089
1320,-47.501477015,4.85312542584,424.952992534
1321,-48.9334067928,9.98710562695,425.598922178
1322,-50.1001277874,15.4066787773,426.111805642
1323,-50.9775186707,21.0716359401,426.484374671
1324,-51.5455397089,26.9222923411,426.71124862
1325,-51.7902469268,32.8821495981,426.789021788
1326,-51.7053762765,38.8639530513,426.716319333
1327,-51.2931048637,44.7782075623,426.493820987
1328,-50.5637824327,50.5422319837,426.124252209
1329,-49.5347073704,56.0876036036,425.612342894
1330,-48.22826775,61.3645141885,424.964754208
1331,-46.6698735726,66.3427105768,424.189974554
1332,-44.8860551169,71.0096962604,423.298186162
1333,-42.9029575052,75.3673421774,422.301104208
1334,-40.7453064368,79.4280045188,421.211790854
1335,-38.4358082072,83.2109143753,420.044446991
1336,-35.9948917505,86.7392235765,418.814184915
1337,-33.4406890572,90.0378105239,417.536785539
1338,-30.7891635315,93.1317782733,416.22844409
1339,-28.0543179319,96.0455116413,414.905508565
1340,-25.248435343,98.8021490765,413.584215436
1341,-22.3823242739,101.423343755,412.280427276
1342,-19.4655517124,103.929215995,411.009377073
1343,-16.5066564468,106.338425973,409.785423976
1344,-13.5133402586,108.668317955,408.621825098
1345,-10.4926376817,110.935103949,407.53052782
1346,-7.45106670871,113.154067913,406.521986655
1347,-4.39476365635,115.339776445,405.605008344
1348,-1.32960574593,117.506293268,404.786628292
1349,1.73867494068,119.667392489,404.072020838
1350,4.80438247361,121.836771277,403.46444515
1351,7.86174942044,124.028262556,402.96522778
1352,10.9048268884,126.256048796,402.573782149
1353,13.9273685933,128.534877527,402.287664388
1354,16.9227052342,130.880277969,402.102664237
1355,19.8836054314,133.308775753,402.012928903
1356,22.8021195892,135.838098665,402.011117126
1357,25.6694034365,138.487361468,402.08858007
1358,28.4755189357,141.277205142,402.235565132
1359,31.2092121606,144.229858583,402.441438364
1360,33.8576712409,147.369066399,402.694920873
1361,36.4062734256,150.719805843,402.984334372
1362,38.8383398193,154.307685895,403.297850985
1363,41.1349305167,158.1578931,403.623742401
1364,43.274732248,162.293532096,403.950623622
1365,45.234114094,166.733226536,404.267686726
1366,46.9874494374,171.487932903,404.564920371
1367,48.5078131638,176.557115069,404.833311108
1368,49.7681443491,-178.075247596,405.065022956
1369,50.7428957269,-172.443945916,405.253552158
1370,51.410062259,-166.60392463,405.393854506
1371,51.753313707,-160.628613695,405.482443099
1372,51.7638160165,-154.60467591,405.517454946
1373,51.4413034798,-148.623777989,405.498685328
1374,50.7941122477,-142.773152485,405.427589377
1375,49.8381657593,-137.12723348,405.307250854
1376,48.5951871456,-131.742189976,405.142318668
1377,47.0905726045,-126.654041766,404.93891216
1378,45.3513466175,-121.879885728,404.704496763
1379,43.4044843967,-117.421099991,404.447732114
1380,41.275718862,-113.267321668,404.178295209
1381,38.9888170557,-109.400301045,403.906681663
1382,36.5652383375,-105.797133483,403.643988589
1383,34.0240654184,-102.432707219,403.401682974
1384,31.3821088987,-99.2814050408,403.191359838
1385,28.6541082557,-96.3181913482,403.024494671
1386,25.8529758111,-93.5192368662,402.912194916
1387,22.9900499131,-90.8622179493,402.864955356
1388,20.0753380505,-88.3263991344,402.892422277
1389,17.1177403783,-85.8925786008,403.003171235
1390,14.1252502724,-83.5429518401,403.204503025
1391,11.1051321518,-81.2609288653,403.50226218
1392,8.06407879269,-79.0309302726,403.900681907
1393,5.00835134154,-76.8381722303,404.40225884
1394,1.94390565301,-74.6684501252,405.007660414
1395,-1.12349131091,-72.5079230512,405.715666973
1396,-4.18815129765,-70.3429000521,406.523149961
1397,-7.24435712666,-68.1596275268,407.425086813
1398,-10.2862539641,-65.9440767162,408.41461234
1399,-13.3077358777,-63.6817304595,409.483105624
1400,-16.3023240199,-61.3573694666,410.620310698
1401,-19.2630327797,-58.954860582,411.814488581
1402,-22.1822203338,-56.4569517568,413.052597613
1403,-25.0514203498,-53.8450873338,414.320498492
1404,-27.8611523761,-51.09925943,415.603179981
1405,-30.6007100614,-48.1979288506,416.885000914
1406,-33.2579293119,-45.1180619043,418.149943904
1407,-35.8189435951,-41.8353525231,419.381876023
1408,-38.2679418112,-38.3247255388,420.564811744
1409,-40.5869565508,-34.5612447983,421.683173453
1410,-42.7557278479,-30.5215695182,422.722045061
1411,-44.7517091201,-26.1860953889,423.667414434
1412,-46.5503042927,-21.5418536263,424.506400682
1413,-48.125439405,-16.5860825047,425.227462678
1414,-49.4505630639,-11.3301116937,425.820585564
1415,-50.5001185197,-5.80282043438,426.277442411
1416,-51.2514223907,-0.0525921099888,426.591528626
1417,-51.6867317556,5.85339578732,426.758267149
1418,-51.7951331135,11.8332766874,426.775082906
1419,-51.5738258887,17.7977525427,426.641445474
1420,-51.0284667291,23.6591005388,426.358879334
1421,-50.1724795913,29.3398007169,425.930941561
1422,-49.0255197812,34.7788177155,425.363167243
1423,-47.6114765491,39.934514036,424.662983397
1424,-45.9564358086,44.7843325389,423.839592573
1425,-44.0869242139,49.3221932002,422.903827822
1426,-42.0285976069,53.5547811173,421.867981133
1427,-39.8053956075,57.4977074237,420.745607889
1428,-37.4390960212,61.172142965,419.551310319
1429,-34.9491678582,64.6021793412,418.300503332
1430,-32.3528228508,67.8129349649,417.009166483
1431,-29.6651837754,70.8293027389,415.693586164
1432,-26.8995106121,73.6751958695,414.370092388
1433,-24.0674459002,76.3731533242,413.054794741
1434,-21.1792562368,78.9441904824,411.763322226
1435,-18.2440577239,81.4078084651,410.510571766
1436,-15.2700201935,83.782101999,409.310470076
1437,-12.2645493114,86.0839221333,408.175753458
1438,-9.23444808962,88.3290707639,407.117769831
1439,-6.18606061034,90.5325084187,406.14630689
1440,-3.12540135844,92.7085673223,405.269449859
